DATE,SERIES,OPEN,HIGH,LOW,PREV. CLOSE,LTP,CLOSE,VWAP,52W H,52W L,VOLUME,VALUE,NO. OF  TRADES
31-Mar-23,EQ,25.25,25.55,24.4,25.1,25.05,25.25,25.03,33.5,13.5,11737905,"29,37,97,622.55",10808
29-Mar-23,EQ,25.1,25.6,24.85,25.25,24.95,25.1,25.17,33.5,13.5,8663946,"21,80,91,558.10",13355
28-Mar-23,EQ,24.2,25.55,24,24.4,25,25.25,24.75,33.5,13.5,11363018,"28,12,26,043.95",12079
27-Mar-23,EQ,23.75,24.75,23.25,24.25,24.45,24.4,23.96,33.5,13.5,10596626,"25,38,57,174.95",13539
24-Mar-23,EQ,24.3,24.5,23.75,24.3,24,24.25,24.2,33.5,13.5,5042094,"12,20,34,877.70",8896
23-Mar-23,EQ,23.6,24.6,23.55,23.85,24.2,24.3,24.13,33.5,13.5,5885587,"14,20,45,282.00",8148
22-Mar-23,EQ,24.3,24.35,23.65,24.25,24,23.85,23.9,33.5,13.5,3451806,"8,24,83,416.40",5599
21-Mar-23,EQ,23.4,24.6,23,23.05,24.2,24.25,23.94,33.5,13.5,9667540,"23,14,03,504.15",19076
20-Mar-23,EQ,23.5,23.95,22.75,23.7,23.2,23.05,23.16,33.5,13.5,6101327,"14,12,81,138.60",10467
17-Mar-23,EQ,24.5,24.9,23.5,24.4,23.85,23.7,23.96,33.5,13.5,7625331,"18,27,00,625.85",12003
16-Mar-23,EQ,25,25,24.15,25.1,24.35,24.4,24.42,33.5,13.5,5632713,"13,75,59,516.80",10639
15-Mar-23,EQ,25.9,26.05,24.9,25.55,24.95,25.1,25.45,33.5,13.5,3956334,"10,06,90,477.05",11916
14-Mar-23,EQ,25.5,25.9,24.95,25.6,25.6,25.55,25.37,33.5,13.5,4593439,"11,65,15,472.80",9059
13-Mar-23,EQ,26.05,26.25,25.35,26.35,25.6,25.6,25.69,33.5,13.5,5299908,"13,61,42,235.60",9587
10-Mar-23,EQ,26.35,26.65,26.25,26.65,26.45,26.35,26.42,33.5,13.5,3859123,"10,19,77,108.70",6114
09-Mar-23,EQ,27,27.25,26.55,26.85,26.65,26.65,26.77,33.5,13.5,3466158,"9,27,84,358.55",5406
08-Mar-23,EQ,27.35,27.4,26.75,27.45,26.85,26.85,27.03,33.5,13.5,3767591,"10,18,24,136.45",6175
06-Mar-23,EQ,27.45,28.1,27.35,27.3,27.55,27.45,27.61,33.5,13.5,5281892,"14,58,34,422.15",6939
03-Mar-23,EQ,26.6,27.45,26.55,26.35,27.4,27.3,27.18,33.5,13.5,6469057,"17,58,24,885.35",7130
02-Mar-23,EQ,26.6,26.8,26.2,26.6,26.4,26.35,26.42,33.5,13.5,3177843,"8,39,70,833.55",5224
01-Mar-23,EQ,26.15,27.3,26.15,26.85,26.7,26.6,26.75,33.5,13.5,4609408,"12,32,79,776.00",7618
28-Feb-23,EQ,26.5,27,26.3,26.3,26.9,26.85,26.76,33.5,13.5,4681997,"12,52,90,790.95",7897
27-Feb-23,EQ,26.75,26.8,26.05,26.65,26.3,26.3,26.31,33.5,13.5,4738278,"12,46,52,025.90",11344
24-Feb-23,EQ,26.55,27.05,26.1,26.45,26.6,26.65,26.6,33.5,13.5,5525739,"14,69,79,601.85",6866
23-Feb-23,EQ,26.9,27.1,26.2,26.75,26.5,26.45,26.58,33.5,13.5,5408447,"14,37,69,731.35",11763
22-Feb-23,EQ,27.95,28,26.55,27.9,26.7,26.75,27.03,33.5,13.5,6308127,"17,05,05,341.30",10088
21-Feb-23,EQ,27.55,28.25,27.5,27.3,27.8,27.9,27.89,33.5,13.5,5023615,"14,00,86,321.50",8661
20-Feb-23,EQ,27.5,27.85,27.15,27.4,27.35,27.3,27.47,33.5,13.5,3941385,"10,82,63,084.20",5271
17-Feb-23,EQ,27.45,27.6,26.9,27.45,27.6,27.4,27.22,33.5,13.5,3946488,"10,74,39,997.00",6169
16-Feb-23,EQ,27.4,27.6,27.25,27.2,27.45,27.45,27.4,33.5,13.5,2296833,"6,29,36,713.90",5151
15-Feb-23,EQ,27.6,27.8,26.95,27.65,27.3,27.2,27.4,33.5,13.5,3034645,"8,31,42,826.30",6255
14-Feb-23,EQ,27.6,27.95,26.95,27.5,27.65,27.65,27.35,33.5,13.5,3851010,"10,53,33,635.90",7424
13-Feb-23,EQ,28.45,28.6,27.05,28.3,27.5,27.5,27.64,33.5,13.5,5763519,"15,92,91,181.70",10594
10-Feb-23,EQ,28.9,29.25,28.2,28.85,28.55,28.3,28.55,33.5,13.5,5195475,"14,83,45,886.95",7214
09-Feb-23,EQ,28.4,29.2,28.3,28.4,28.95,28.85,28.82,33.5,13.5,5069507,"14,61,13,667.05",9457
08-Feb-23,EQ,29.75,30.1,24.75,29.6,28.4,28.4,29.65,33.5,13.5,13195762,"39,12,83,077.55",11183
07-Feb-23,EQ,29.45,30.35,29.3,29.45,29.55,29.6,29.81,33.5,13.5,9617990,"28,66,96,453.00",12132
06-Feb-23,EQ,29.65,30.45,28.1,29.5,28.8,29.45,30.03,33.5,13.5,13016278,"39,08,29,673.00",20967
03-Feb-23,EQ,29.9,30.3,28.8,29.6,29.45,29.5,29.47,33.5,13.5,9989881,"29,43,61,320.10",12527
02-Feb-23,EQ,28.05,30.9,28.05,28.65,29.65,29.6,29.64,33.5,13.5,14875085,"44,08,79,160.75",18499
01-Feb-23,EQ,29.2,29.65,28.2,28.75,28.25,28.65,29.18,33.5,13.5,8674183,"25,31,52,818.90",9276
31-Jan-23,EQ,27.9,28.9,27.8,27.65,28.9,28.75,28.41,33.5,13.5,10011143,"28,44,08,580.35",13329
30-Jan-23,EQ,27.65,28.15,27.15,27.5,27.8,27.65,27.54,33.5,13.5,13293695,"36,61,10,111.30",10968
27-Jan-23,EQ,28.15,28.4,26.7,27.9,27.55,27.5,27.32,33.5,13.5,13004143,"35,53,30,756.00",13460
25-Jan-23,EQ,28,28.4,27.35,28.1,28.4,27.9,27.95,33.5,13.5,14181830,"39,63,13,877.75",14915
24-Jan-23,EQ,28.5,28.65,27.75,28.35,28,28.1,28.19,33.5,13.5,17424575,"49,11,25,304.90",12925
23-Jan-23,EQ,29.55,29.85,28.2,29.3,28.4,28.35,29.09,33.5,13.5,17104374,"49,76,13,492.30",15672
20-Jan-23,EQ,29.55,29.95,28.95,29.55,29.25,29.3,29.59,33.5,13.5,12114626,"35,84,24,685.85",11603
19-Jan-23,EQ,28.55,31.1,28.5,28.8,29.7,29.55,29.93,33.5,13.5,35877921,"1,07,39,54,391.80",32028
18-Jan-23,EQ,29.05,29.25,28.5,29.25,28.7,28.8,28.83,33.5,13.5,12935541,"37,29,69,851.40",13462
17-Jan-23,EQ,28.9,29.5,28.05,28.9,29.45,29.25,28.57,33.5,13.5,18691171,"53,40,13,930.95",19392
16-Jan-23,EQ,28.8,29.65,28.6,28.65,28.9,28.9,28.98,33.5,13.5,14225358,"41,23,17,440.35",14753
13-Jan-23,EQ,28.6,28.95,28.3,28.85,28.7,28.65,28.67,33.5,13.5,12226217,"35,05,14,207.10",12857
12-Jan-23,EQ,29.2,29.35,28.25,29.05,28.85,28.85,28.76,33.5,13.5,4744545,"13,64,75,527.05",7219
11-Jan-23,EQ,29.4,29.45,28.85,29.3,29.05,29.05,29.15,33.5,13.5,3512885,"10,23,88,674.80",6203
10-Jan-23,EQ,29.75,29.8,29.1,29.65,29.35,29.3,29.32,33.5,13.5,2838838,"8,32,35,066.95",7001
09-Jan-23,EQ,29.5,29.95,29.25,29.3,29.7,29.65,29.62,33.5,13.5,3933318,"11,65,21,326.15",6592
06-Jan-23,EQ,30.1,30.3,28.85,30.05,29.3,29.3,29.5,33.5,13.5,7196060,"21,23,09,055.85",10017
05-Jan-23,EQ,30.45,30.8,29.8,30.2,30.15,30.05,30.16,33.5,13.5,8936113,"26,95,43,134.65",12859
04-Jan-23,EQ,31,31.25,29.85,30.85,30.05,30.2,30.5,33.5,13.5,7863181,"23,98,27,016.55",10969
03-Jan-23,EQ,30,31.1,29.9,29.9,30.9,30.85,30.64,33.5,13.5,11674638,"35,77,16,105.55",14633
02-Jan-23,EQ,29.2,30.2,28.9,29,29.85,29.9,29.72,33.5,13.5,8309317,"24,69,75,279.55",10408
30-Dec-22,EQ,28.8,29.65,28.8,28.5,29,29,29.24,33.5,13.5,7972292,"23,31,24,965.35",10022
29-Dec-22,EQ,28.3,28.85,28.05,28.4,28.55,28.5,28.51,33.5,13.5,5719248,"16,30,71,772.65",9574
28-Dec-22,EQ,28,28.65,27.6,27.95,28.45,28.4,28.15,33.5,13.5,5851831,"16,47,44,631.85",9996
27-Dec-22,EQ,28.9,29.3,27.35,28.15,28.05,27.95,28.04,33.5,13.5,10896304,"30,55,34,466.75",14760
26-Dec-22,EQ,26,28.4,25.85,26.15,28.3,28.15,27.48,33.5,13.5,12350424,"33,93,36,875.80",17244
23-Dec-22,EQ,26.5,27.05,25.2,27.25,26.3,26.15,25.99,33.5,13.5,16270793,"42,28,43,091.90",20460
22-Dec-22,EQ,29.5,29.7,26.8,29.35,27.45,27.25,27.63,33.5,13.5,22229005,"61,42,88,127.85",32523
21-Dec-22,EQ,31,31.3,29,30.7,29.15,29.35,30.12,33.5,13.5,10827819,"32,61,15,591.30",16257
20-Dec-22,EQ,31,31.3,30.25,30.95,30.7,30.7,30.72,33.5,13.5,8122500,"24,94,96,819.15",12198
19-Dec-22,EQ,31.8,32.1,30.8,31.8,31,30.95,31.11,33.5,13.5,6648107,"20,68,39,267.85",16455
16-Dec-22,EQ,32,32.15,30.4,32.2,31.8,31.8,31.38,33.5,13.5,16416430,"51,51,11,063.20",23756
15-Dec-22,EQ,32.2,33.4,32.05,32.55,32.2,32.2,32.72,33.5,13.5,11315268,"37,02,09,415.95",15350
14-Dec-22,EQ,32.95,33.5,32.35,32.7,32.55,32.55,32.88,33.5,13.5,19769961,"65,00,51,609.35",45433
13-Dec-22,EQ,30.55,33.25,30.5,30.25,32.75,32.7,32.07,33.25,13.5,23810026,"76,36,17,739.60",29837
12-Dec-22,EQ,30.65,31.25,29.95,30.65,30.4,30.25,30.52,32.2,13.5,8656050,"26,41,72,179.90",16348
09-Dec-22,EQ,32.15,32.2,29.9,31.75,30.7,30.65,31.34,32.2,13.5,15146071,"47,46,96,223.50",21003
08-Dec-22,EQ,30.65,31.95,30.35,30.05,31.95,31.75,31.27,31.95,13.5,30167288,"94,33,88,368.45",29558
07-Dec-22,EQ,30.2,30.7,29.75,30.2,30.1,30.05,30.22,31.1,13.5,8681431,"26,23,69,370.60",11466
06-Dec-22,EQ,30.15,30.8,30.1,30.2,30.2,30.2,30.34,31.1,13.5,9728252,"29,51,67,147.00",11549
05-Dec-22,EQ,30.15,30.8,30,29.9,30.25,30.2,30.3,31.1,13.5,11282649,"34,18,29,720.55",13175
02-Dec-22,EQ,30.2,31.1,29.65,29.95,29.95,29.9,30.26,31.1,13.5,19570411,"59,22,40,679.45",22258
01-Dec-22,EQ,29.55,30.3,29.15,28.5,30.05,29.95,29.65,30.5,13.5,22129368,"65,62,02,901.70",29520
30-Nov-22,EQ,28.5,28.75,28.05,28.3,28.5,28.5,28.43,30.5,13.5,5386719,"15,31,36,009.15",8732
29-Nov-22,EQ,29.1,29.4,28.1,29.1,28.4,28.3,28.53,30.5,13.5,6567682,"18,73,61,182.05",10508
28-Nov-22,EQ,29.35,29.8,29,29.2,29.1,29.1,29.36,30.5,13.5,7034558,"20,65,29,674.30",12762
25-Nov-22,EQ,28.75,29.95,28.75,28.7,29.3,29.2,29.31,30.5,13.5,12979310,"38,04,13,780.80",15229
24-Nov-22,EQ,28.8,29.2,28.6,28.55,28.75,28.7,28.83,30.5,13.5,7402540,"21,33,86,931.80",10629
23-Nov-22,EQ,27.85,29.5,27.85,27.6,28.7,28.55,28.76,30.5,13.5,24432611,"70,26,28,985.00",26244
22-Nov-22,EQ,27.4,28.3,27.35,27.25,27.65,27.6,27.64,30.5,13.5,8384536,"23,17,17,611.25",10186
21-Nov-22,EQ,27.45,27.75,27.05,27.35,27.25,27.25,27.28,30.5,13.5,4005116,"10,92,55,654.65",8134
18-Nov-22,EQ,27.7,28,27.25,27.75,27.35,27.35,27.6,30.5,13.5,4600687,"12,69,82,522.30",10595
17-Nov-22,EQ,27.65,28.15,27.25,27.65,27.5,27.75,27.72,30.5,13.5,6218335,"17,23,50,053.85",9800
16-Nov-22,EQ,28.05,29.3,27.45,27.9,27.65,27.65,28.39,30.5,13.5,13278426,"37,70,36,745.40",18407
15-Nov-22,EQ,27.85,28.2,27.65,27.65,27.95,27.9,27.91,30.5,13.5,9327412,"26,03,11,837.45",13287
14-Nov-22,EQ,28.05,28.25,27.45,27.95,27.6,27.65,27.83,30.5,13.5,6512539,"18,12,72,081.30",11491
11-Nov-22,EQ,29.7,30.1,27.65,29.3,27.85,27.95,28.52,30.5,13.5,12865591,"36,69,49,237.60",20973
10-Nov-22,EQ,29.45,29.9,29,29.45,29.25,29.3,29.38,30.5,13.5,10992011,"32,29,46,460.70",18348
09-Nov-22,EQ,28.9,30.4,28.7,28.1,29.4,29.45,29.72,30.5,13.5,38379409,"1,14,04,60,678.60",45778
07-Nov-22,EQ,27,30.5,26.9,26.75,28,28.1,28.64,30.5,13.5,46489143,"1,33,16,56,228.15",53006
04-Nov-22,EQ,26.6,27.15,26.6,26.45,26.6,26.75,26.86,27.15,13.5,16919284,"45,45,15,977.55",29864
03-Nov-22,EQ,24.7,26.75,24.55,24.85,26.6,26.45,25.93,26.75,13.5,14644723,"37,97,69,155.35",19587
02-Nov-22,EQ,25.25,25.4,24.7,24.75,24.9,24.85,24.98,26.45,13.5,3438348,"8,59,06,907.00",6986
01-Nov-22,EQ,25.35,25.45,24.65,25.2,24.7,24.75,25.04,26.45,13.5,3555572,"8,90,45,961.55",5222
31-Oct-22,EQ,25.25,25.5,25.1,25,25.2,25.2,25.22,26.45,13.5,2220568,"5,60,01,621.30",5249
28-Oct-22,EQ,25,25.25,24.7,24.95,25,25,24.95,26.45,13.5,2176904,"5,43,18,525.40",5124
27-Oct-22,EQ,25,25.5,24.65,24.8,25.05,24.95,24.99,26.45,13.5,3579301,"8,94,61,046.80",6818
25-Oct-22,EQ,24.8,25.1,24.4,24.7,24.7,24.8,24.87,26.45,13.5,2223984,"5,53,07,317.05",4903
24-Oct-22,EQ,24.7,25.15,24.2,24.35,24.85,24.7,24.88,26.45,13.5,1798753,"4,47,56,442.80",3903
21-Oct-22,EQ,24.8,25.1,24.15,24.65,24.4,24.35,24.73,26.45,13.5,2432841,"6,01,67,479.35",6332
20-Oct-22,EQ,24.45,24.85,24.4,24.7,24.75,24.65,24.67,26.45,13.5,2125954,"5,24,42,979.95",3910
19-Oct-22,EQ,25,25.1,24.05,24.9,24.7,24.7,24.62,26.45,13.5,4389459,"10,80,52,712.10",8732
18-Oct-22,EQ,23.8,25,23.75,23.6,24.9,24.9,24.34,26.45,13.5,5037959,"12,26,36,947.75",7672
17-Oct-22,EQ,23.9,24.2,23.4,24,23.6,23.6,23.83,26.45,13.5,4234730,"10,08,99,123.75",9286
14-Oct-22,EQ,25,25.1,23.75,24.35,23.9,24,24.28,26.45,13.5,4973579,"12,07,55,963.25",11672
13-Oct-22,EQ,24.85,25.1,24.1,24.8,24.3,24.35,24.56,26.45,13.5,3813770,"9,36,58,396.35",9809
12-Oct-22,EQ,25,25.6,24.6,25,24.8,24.8,24.93,26.45,13.5,5796027,"14,44,82,245.60",11579
11-Oct-22,EQ,25.3,25.8,24.75,25.2,25,25,25.2,26.45,13.5,5610935,"14,13,77,741.35",12800
10-Oct-22,EQ,25.2,25.8,24.7,25.75,25.2,25.2,25.29,26.45,13.5,8748171,"22,12,12,116.50",17073
07-Oct-22,EQ,24.75,26.45,24.55,24.3,25.65,25.75,25.68,26.45,13.5,20619761,"52,94,14,138.80",27808
06-Oct-22,EQ,23.35,24.6,23.15,23.15,24.35,24.3,24.05,25.8,13.5,9977552,"23,99,48,692.85",22870
04-Oct-22,EQ,22.2,23.45,22.2,21.85,23.4,23.15,22.85,25.8,13.5,10176088,"23,24,95,420.60",10886
03-Oct-22,EQ,22.3,22.6,21.7,22.35,21.8,21.85,22.06,25.8,13.5,3350417,"7,38,94,402.50",5798
30-Sep-22,EQ,21.75,22.9,21.6,21.7,22.2,22.35,22.09,25.8,13.5,8356706,"18,46,32,796.95",11159
29-Sep-22,EQ,22.25,22.4,21.5,22,21.75,21.7,21.99,25.8,13.5,3252727,"7,15,16,888.40",7684
28-Sep-22,EQ,21.5,22.2,21.2,21.65,21.95,22,21.88,25.8,13.5,5061572,"11,07,34,517.50",13716
27-Sep-22,EQ,22.3,22.5,21.5,22.1,21.55,21.65,21.79,25.8,13.5,3320948,"7,23,74,931.65",8136
26-Sep-22,EQ,23.4,23.4,21.2,23.45,22.1,22.1,22.05,25.8,13.5,8000904,"17,64,24,234.05",18875
23-Sep-22,EQ,24.75,24.75,23.3,24.05,23.45,23.45,23.71,25.8,13.5,3524194,"8,35,52,567.10",10728
22-Sep-22,EQ,24.9,25.1,23.8,24.85,24.05,24.05,24.29,25.8,13.5,4546165,"11,04,45,105.90",11667
21-Sep-22,EQ,25.1,25.45,24.55,25.05,24.85,24.85,24.92,25.8,13.5,3878205,"9,66,48,874.15",8080
20-Sep-22,EQ,24.8,25.75,24.75,24.55,25.05,25.05,25.33,25.8,13.5,6115837,"15,48,93,257.65",11252
19-Sep-22,EQ,24.35,24.75,23.75,24.05,24.7,24.55,24.31,25.8,13.5,6797589,"16,52,20,284.70",12863
16-Sep-22,EQ,24.85,25.2,23.7,25.25,24.05,24.05,24.49,25.8,13.5,6614099,"16,19,54,670.45",14339
15-Sep-22,EQ,25.5,25.7,24.8,25.4,25.3,25.25,25.3,25.8,13.5,6909948,"17,48,16,097.80",15040
14-Sep-22,EQ,23.8,25.5,23.75,24.35,25.45,25.4,25.06,25.8,13.5,10048349,"25,17,95,089.65",18759
13-Sep-22,EQ,25.7,25.8,24.1,25.35,24.35,24.35,24.75,25.8,13.5,12878663,"31,87,76,277.40",20424
12-Sep-22,EQ,24.4,25.5,24.05,24,25.35,25.35,25.01,25.5,13.5,9921991,"24,81,87,078.90",18300
09-Sep-22,EQ,24.75,25.15,23.8,24.35,23.9,24,24.41,25.15,13.5,7248386,"17,69,20,266.35",12731
08-Sep-22,EQ,23.85,24.9,23.6,23.35,24.45,24.35,24.22,24.9,13.5,14636179,"35,44,96,735.05",20283
07-Sep-22,EQ,22.25,23.5,22.25,22.1,23.2,23.35,23.06,23.75,13.5,9558252,"22,03,98,872.55",14446
06-Sep-22,EQ,23,23.1,21.8,22.75,22.25,22.1,22.36,23.75,13.5,4938230,"11,04,39,329.05",7924
05-Sep-22,EQ,20.85,22.85,20.8,20.8,22.75,22.75,22.25,23.75,13.5,14082750,"31,33,31,935.10",16318
02-Sep-22,EQ,21,21.1,20.55,20.9,20.8,20.8,20.87,23.75,13.5,2026755,"4,23,04,067.30",3424
01-Sep-22,EQ,20.75,21.3,20.5,21,20.9,20.9,20.95,23.75,13.5,1743857,"3,65,30,200.10",3981
30-Aug-22,EQ,20.55,21.3,20.25,20.25,21,21,20.88,23.75,13.5,3584568,"7,48,36,392.30",4909
29-Aug-22,EQ,20,20.4,19.4,20.6,20.3,20.25,20.04,23.75,13.5,2874459,"5,76,08,304.05",4573
26-Aug-22,EQ,21.4,21.4,20.5,21,20.6,20.6,20.81,23.75,13.5,2528532,"5,26,18,048.85",4089
25-Aug-22,EQ,20.9,21.2,20.7,20.7,21.1,21,21.05,23.75,13.5,4196024,"8,83,33,737.85",5829
24-Aug-22,EQ,20.25,21.35,20.25,20.45,20.8,20.7,20.81,23.75,13.5,5029571,"10,46,81,418.35",7710
23-Aug-22,EQ,20,21,19.8,20.15,20.45,20.45,20.34,23.75,13.5,1045324,"2,12,64,629.65",3132
22-Aug-22,EQ,20.75,20.75,20.1,20.8,20.2,20.15,20.36,23.75,13.5,1047325,"2,13,20,708.50",3499
19-Aug-22,EQ,21,21.2,20.5,21,20.9,20.8,20.82,25.9,13.5,1823634,"3,79,74,115.95",4247
18-Aug-22,EQ,20.95,21.1,20.8,21,20.95,21,20.95,25.9,13.5,1671902,"3,50,26,283.05",3445
17-Aug-22,EQ,21.1,21.35,20.75,21.05,21,21,21.03,25.9,13.5,2896625,"6,09,19,606.25",4845
16-Aug-22,EQ,20.85,21.4,19.85,19.7,21.05,21.05,20.94,25.9,13.5,4839697,"10,13,25,854.05",8617
12-Aug-22,EQ,20,20.2,19.5,20.05,19.75,19.7,19.87,27.2,13.5,1695414,"3,36,85,405.50",2972
11-Aug-22,EQ,20.25,20.4,19.75,19.95,20,20.05,20.06,27.2,13.5,1546460,"3,10,29,053.40",3140
10-Aug-22,EQ,20.5,20.65,19.8,20.45,20.1,19.95,20.19,27.2,13.5,1845901,"3,72,61,624.85",4486
08-Aug-22,EQ,20.9,21.5,20.15,20.9,20.55,20.45,20.93,27.2,13.5,2693911,"5,63,93,856.15",5768
05-Aug-22,EQ,21,21.8,20.7,20.9,20.7,20.9,21.38,28.95,13.5,6105920,"13,05,37,118.55",12951
04-Aug-22,EQ,20.75,21.45,20.4,20.85,20.9,20.9,20.91,28.95,13.5,4088424,"8,54,85,727.45",10162
03-Aug-22,EQ,21.1,21.15,20,21,20.75,20.85,20.54,28.95,13.5,3912687,"8,03,50,744.00",17106
02-Aug-22,EQ,20.75,21.3,20.5,20.75,21,21,20.98,28.95,13.5,5553791,"11,65,40,946.85",11345
01-Aug-22,EQ,19.45,20.95,19.05,19.2,20.75,20.75,20.38,28.95,13.5,10027007,"20,43,02,670.75",17112
29-Jul-22,EQ,19.3,19.4,18.8,19.2,19.2,19.2,19.14,29.85,13.5,3022042,"5,78,40,700.80",9054
28-Jul-22,EQ,19.8,19.9,19.1,19.7,19.1,19.2,19.33,29.85,13.5,4500137,"8,69,94,555.80",7889
27-Jul-22,EQ,19.5,20.1,18.65,19.1,19.65,19.7,19.58,29.85,13.5,17365158,"34,00,43,069.00",21238
26-Jul-22,EQ,17.4,19.1,17.4,17.4,19.1,19.1,18.63,29.85,13.5,16862066,"31,40,99,736.95",14324
25-Jul-22,EQ,16.95,17.7,16.85,16.95,17.4,17.4,17.27,29.85,13.5,2352409,"4,06,25,980.35",5347
22-Jul-22,EQ,16.8,17.05,16.6,16.75,16.8,16.95,16.85,30.5,13.5,1257274,"2,11,78,836.85",2455
21-Jul-22,EQ,16,17,15.9,16,16.75,16.75,16.51,30.5,13.5,2006095,"3,31,14,054.85",4020
20-Jul-22,EQ,16.05,16.25,15.95,15.9,16.05,16,16.11,30.5,13.5,641639,"1,03,39,960.55",1571
19-Jul-22,EQ,15.95,16.1,15.85,15.9,15.95,15.9,15.94,30.5,13.5,689764,"1,09,98,214.45",1613
18-Jul-22,EQ,16,16.1,15.8,15.9,15.9,15.9,15.94,30.5,13.5,552464,"88,05,930.00",1972
15-Jul-22,EQ,15.9,16.05,15.7,15.9,15.95,15.9,15.85,33.8,13.5,543394,"86,12,675.70",1607
14-Jul-22,EQ,16,16.05,15.8,15.95,15.85,15.9,15.9,33.8,13.5,613531,"97,53,157.20",1347
13-Jul-22,EQ,16.1,16.4,15.9,15.95,16,15.95,16.1,33.8,13.5,714760,"1,15,10,437.70",1609
12-Jul-22,EQ,16,16.3,15.9,16.15,16,15.95,16.04,33.8,13.5,1097436,"1,76,00,629.55",2672
11-Jul-22,EQ,16.2,16.4,15.85,16.25,16.1,16.15,16.08,33.8,13.5,1039045,"1,67,04,519.90",2844
08-Jul-22,EQ,16.7,16.7,16.15,16.35,16.25,16.25,16.32,33.8,13.5,665564,"1,08,60,737.85",1989
07-Jul-22,EQ,16.25,16.5,16.15,16.25,16.4,16.35,16.34,33.8,13.5,1478766,"2,41,67,340.55",2939
06-Jul-22,EQ,15.85,16.35,15.75,15.55,16.25,16.25,16.1,33.8,13.5,2398871,"3,86,21,281.70",5647
05-Jul-22,EQ,15.3,16.4,15.25,15.2,15.5,15.55,15.72,33.8,13.5,2562872,"4,02,93,434.40",4622
04-Jul-22,EQ,15.35,15.55,15.15,15.35,15.25,15.2,15.25,33.8,13.5,416157,"63,47,974.30",1995
01-Jul-22,EQ,15.05,15.6,14.8,15.05,15.35,15.35,15.17,33.8,13.5,884649,"1,34,20,032.50",2347
30-Jun-22,EQ,14.75,15.25,14.75,14.85,15.1,15.05,15.06,33.8,13.5,820927,"1,23,61,174.00",2241
29-Jun-22,EQ,14.75,14.95,14.55,14.75,14.9,14.85,14.78,33.8,13.5,811334,"1,19,95,538.55",2232
28-Jun-22,EQ,14.6,14.9,14.35,14.4,14.75,14.75,14.6,33.8,13.5,1083085,"1,58,16,954.55",3116
27-Jun-22,EQ,14.3,14.5,14.2,14.1,14.35,14.4,14.37,33.8,13.5,613440,"88,17,623.65",2199
24-Jun-22,EQ,14.15,14.15,13.9,13.9,14.15,14.1,14.07,33.8,13.5,650299,"91,52,492.10",1929
23-Jun-22,EQ,14.05,14.35,13.5,13.8,13.9,13.9,13.9,33.8,13.5,2450698,"3,40,60,949.75",5530
22-Jun-22,EQ,14.55,14.55,13.55,14.4,13.95,13.8,14.07,33.8,13.55,2461015,"3,46,30,776.50",8240
21-Jun-22,EQ,14.65,14.7,14.35,14.3,14.4,14.4,14.48,33.8,14.05,1243171,"1,80,04,059.80",9032
20-Jun-22,EQ,15.25,15.25,14.1,15.05,14.25,14.3,14.59,33.8,14.05,1142353,"1,66,66,307.20",3776
17-Jun-22,EQ,15.4,15.5,14.9,15.15,15.05,15.05,15.09,34.4,14.05,1004827,"1,51,67,191.35",2713
16-Jun-22,EQ,15.6,15.7,15,15.35,15.3,15.15,15.3,34.4,14.05,738861,"1,13,01,172.55",2337
15-Jun-22,EQ,15.6,15.75,15.3,15.35,15.4,15.35,15.52,34.4,14.05,983697,"1,52,70,140.65",2588
14-Jun-22,EQ,15.65,15.75,15.3,15.65,15.4,15.35,15.54,34.4,14.05,1277904,"1,98,61,040.10",5745
13-Jun-22,EQ,15.85,16,15.55,16.2,15.7,15.65,15.77,34.4,14.05,946445,"1,49,29,521.85",4424
10-Jun-22,EQ,16.25,16.5,16,16.3,16.2,16.2,16.22,34.4,14.05,576619,"93,51,102.25",2432
09-Jun-22,EQ,16.45,16.55,16.2,16.35,16.35,16.3,16.4,34.4,14.05,624719,"1,02,46,249.60",3672
08-Jun-22,EQ,16.75,16.75,16.3,16.7,16.35,16.35,16.51,34.4,14.05,547981,"90,45,977.25",1989
07-Jun-22,EQ,16,16.8,16,16.2,16.75,16.7,16.43,34.4,14.05,990317,"1,62,73,768.45",2103
06-Jun-22,EQ,16.3,16.5,16.15,16.3,16.15,16.2,16.27,34.4,14.05,397430,"64,68,059.40",1769
03-Jun-22,EQ,16.55,16.65,16.25,16.45,16.35,16.3,16.44,34.4,14.05,551808,"90,70,663.40",1796
02-Jun-22,EQ,16.6,16.6,16.25,16.5,16.5,16.45,16.44,34.4,14.05,604648,"99,39,050.10",1932
01-Jun-22,EQ,16.6,17,16.35,16.5,16.6,16.5,16.74,34.4,14.05,1270447,"2,12,66,802.85",3465
31-May-22,EQ,16.45,16.6,16.3,16.35,16.55,16.5,16.49,34.4,14.05,479592,"79,09,396.30",1554
30-May-22,EQ,16.65,16.65,16.3,16.3,16.4,16.35,16.41,34.4,14.05,711255,"1,16,70,776.95",1963
27-May-22,EQ,16.2,16.5,16.2,16.05,16.4,16.3,16.36,34.4,14.05,550842,"90,09,333.50",2091
26-May-22,EQ,16.2,16.4,15.75,16.2,16.15,16.05,16.04,34.4,14.05,752627,"1,20,70,730.95",2144
25-May-22,EQ,16.75,16.8,16.1,16.65,16.2,16.2,16.33,34.4,14.05,892587,"1,45,73,341.90",4503
24-May-22,EQ,16.85,16.95,16.55,16.8,16.65,16.65,16.73,34.4,14.05,409209,"68,45,301.55",1453
23-May-22,EQ,17,17.2,16.75,16.95,16.8,16.8,16.92,34.4,14.05,773608,"1,30,91,446.85",2340
20-May-22,EQ,17,17.25,16.9,16.85,16.95,16.95,17.06,34.4,14.05,496492,"84,70,948.65",2318
19-May-22,EQ,16.85,17,16.5,17.1,16.85,16.85,16.86,34.4,14.05,713264,"1,20,26,764.10",2419
18-May-22,EQ,17.35,17.35,16,17.2,17.1,17.1,17.1,34.4,14.05,1253091,"2,14,31,900.50",3717
17-May-22,EQ,17.4,17.65,17.1,17.25,17.25,17.2,17.3,34.4,14.05,958077,"1,65,72,972.10",2582
16-May-22,EQ,17.6,17.8,17.15,17.55,17.4,17.25,17.39,34.4,14.05,1452075,"2,52,50,968.35",4279
13-May-22,EQ,17.6,17.7,17.1,16.1,17.65,17.55,17.51,34.4,14.05,5553380,"9,72,43,903.70",7387
12-May-22,EQ,16.2,16.55,15.5,16.05,16.5,16.1,16.11,34.4,14.05,1879563,"3,02,80,961.90",3907
11-May-22,EQ,16.7,17,15.5,16.65,16.3,16.05,16.25,34.4,14.05,1328741,"2,15,88,100.20",3810
10-May-22,EQ,17,17.2,16.5,16.95,16.55,16.65,16.93,34.4,14.05,729237,"1,23,45,790.85",2451
09-May-22,EQ,16.8,17.25,16.65,17.1,17.1,16.95,16.88,34.4,14.05,1036997,"1,75,01,726.50",2398
06-May-22,EQ,17.1,17.55,17.05,17.85,17.2,17.1,17.18,34.4,14.05,1325984,"2,27,78,017.70",2974
05-May-22,EQ,16.9,18,16.9,16.9,17.85,17.85,17.64,34.4,14.05,2555833,"4,50,91,525.10",3864
04-May-22,EQ,17.2,17.7,16.8,17.05,16.85,16.9,17.2,34.4,14.05,1384381,"2,38,16,631.10",3292
02-May-22,EQ,17.45,17.45,17.05,17.45,17.05,17.05,17.13,34.4,14.05,567083,"97,13,458.30",2013
29-Apr-22,EQ,17,17.85,17,17.05,17.5,17.45,17.52,34.4,14.05,2493639,"4,36,84,317.35",4745
28-Apr-22,EQ,17.25,17.25,16.95,17.1,17.1,17.05,17.07,34.4,14.05,885904,"1,51,25,678.80",2514
27-Apr-22,EQ,17.15,17.25,17,17.25,17.1,17.1,17.13,34.4,14.05,681370,"1,16,68,726.50",1870
26-Apr-22,EQ,17.4,17.5,17.1,17.2,17.25,17.25,17.24,34.4,14.05,1054221,"1,81,75,371.90",2400
25-Apr-22,EQ,17.35,17.45,17.1,17.45,17.25,17.2,17.25,34.4,14.05,599543,"1,03,41,434.10",2024
22-Apr-22,EQ,17.4,17.85,17.35,17.45,17.5,17.45,17.57,34.4,14.05,1215772,"2,13,57,307.90",3665
21-Apr-22,EQ,17.6,17.7,17.35,17.35,17.5,17.45,17.47,34.4,14.05,925364,"1,61,65,197.05",2175
20-Apr-22,EQ,17.75,17.9,16.85,17.6,17.35,17.35,17.55,34.4,14.05,1207056,"2,11,82,077.15",3028
19-Apr-22,EQ,17.7,18.4,17.45,17.55,17.45,17.6,17.92,34.4,14.05,2882686,"5,16,46,705.60",6211
18-Apr-22,EQ,17.85,17.85,17.45,17.9,17.55,17.55,17.59,34.4,14.05,1117396,"1,96,56,224.80",3751
13-Apr-22,EQ,17.65,18.1,17.55,17.5,17.85,17.9,17.86,34.4,14.05,2233853,"3,98,91,159.25",4441
12-Apr-22,EQ,17.75,17.75,17.1,17.75,17.55,17.5,17.37,34.4,14.05,1493853,"2,59,46,743.35",3906
11-Apr-22,EQ,18,18.2,17.65,17.95,17.75,17.75,17.83,34.4,14.05,1778841,"3,17,14,364.95",3469
08-Apr-22,EQ,18.4,18.4,17.85,18.2,18,17.95,18.06,34.4,14.05,1945482,"3,51,41,349.95",4495
07-Apr-22,EQ,18.2,18.4,18.1,18.1,18.25,18.2,18.25,34.4,14.05,2658047,"4,85,05,950.90",4566
06-Apr-22,EQ,18.65,18.7,18,18.5,18.15,18.1,18.23,34.4,14.05,3532295,"6,44,04,443.25",7004
05-Apr-22,EQ,18.1,18.95,18.1,18,18.5,18.5,18.52,34.4,14.05,9671455,"17,91,03,403.85",15449
04-Apr-22,EQ,16.55,18.45,16.5,16.25,18.1,18,17.43,34.4,14.05,7894369,"13,75,74,670.40",14841
01-Apr-22,EQ,14.8,16.45,14.8,14.8,16.4,16.25,15.97,34.4,14.05,6033372,"9,63,23,471.30",8741
31-Mar-22,EQ,15.2,15.25,14.7,15.05,14.75,14.8,15.02,34.4,14.05,2558500,"3,84,33,981.60",5072
30-Mar-22,EQ,15.25,15.45,15,15.1,15.1,15.05,15.22,34.4,14.05,2398270,"3,65,07,711.20",4748
29-Mar-22,EQ,15.65,15.8,15,15.55,15.05,15.1,15.33,34.4,14.05,3149395,"4,82,84,854.70",6436
28-Mar-22,EQ,16.05,16.25,15.45,16.05,15.6,15.55,15.78,34.4,14.05,3413397,"5,38,57,548.85",6728
25-Mar-22,EQ,16.4,16.55,16,16.35,16.1,16.05,16.26,34.4,14.05,1665798,"2,70,78,342.25",4037
24-Mar-22,EQ,16.5,16.65,16.3,16.5,16.4,16.35,16.44,34.4,14.05,1681050,"2,76,33,425.75",3692
23-Mar-22,EQ,16.7,17,16.4,16.6,16.5,16.5,16.66,34.4,14.05,962149,"1,60,26,188.10",2855
22-Mar-22,EQ,16.7,16.8,16.4,16.7,16.65,16.6,16.57,34.4,14.05,1527811,"2,53,13,765.55",4003
21-Mar-22,EQ,16.9,16.95,16.55,16.85,16.7,16.7,16.74,34.4,14.05,1305551,"2,18,56,520.00",3676
17-Mar-22,EQ,17,17.25,16.7,16.9,16.85,16.85,16.95,34.5,14.05,1446069,"2,45,15,088.05",3175
16-Mar-22,EQ,17.15,17.15,16.8,16.9,16.95,16.9,16.93,34.5,14.05,1006071,"1,70,35,404.20",2730
15-Mar-22,EQ,17.2,17.3,15.85,17.1,16.9,16.9,16.95,34.5,14.05,1216420,"2,06,13,333.25",3901
14-Mar-22,EQ,17.3,17.4,17,17.4,17.05,17.1,17.14,34.5,14.05,1431901,"2,45,43,393.10",3830
11-Mar-22,EQ,17.25,17.65,17.1,17.25,17.5,17.4,17.25,36.75,14.05,1212476,"2,09,20,624.35",3175
10-Mar-22,EQ,17.6,17.8,17.15,17.15,17.4,17.25,17.44,36.75,14.05,1258427,"2,19,42,880.15",3758
09-Mar-22,EQ,17.15,17.2,16.8,17.05,17.15,17.15,17.09,36.75,14.05,1102823,"1,88,45,525.15",3568
08-Mar-22,EQ,16.8,17.25,16.7,16.8,17.15,17.05,17.03,36.75,14.05,1143369,"1,94,74,239.60",3371
07-Mar-22,EQ,16.9,17.55,16.5,17.25,16.95,16.8,16.99,36.75,14.05,2588660,"4,39,74,695.25",8538
04-Mar-22,EQ,16.9,18.5,16.75,16.95,17.25,17.25,17.77,38.35,14.05,7333040,"13,02,85,608.95",17766
03-Mar-22,EQ,17.3,17.3,16.9,16.95,16.9,16.95,17.01,38.35,14.05,1148849,"1,95,45,502.75",3756
02-Mar-22,EQ,17.15,17.25,16.8,17.2,16.9,16.95,16.99,38.35,14.05,1209987,"2,05,51,799.65",3995
28-Feb-22,EQ,16.85,17.4,16.35,16.85,17.35,17.2,17.01,38.35,14.05,1451864,"2,46,98,693.50",4224
25-Feb-22,EQ,16.8,16.95,15.65,15.3,16.8,16.85,16.63,38.35,14.05,2162074,"3,59,65,065.75",9762
24-Feb-22,EQ,16.55,16.8,14.05,17.1,15.55,15.3,15.54,38.35,14.05,6086353,"9,45,92,521.20",14344
23-Feb-22,EQ,17.25,17.25,17,16.95,17.1,17.1,17.15,38.35,16.65,1202691,"2,06,21,143.05",3647
22-Feb-22,EQ,17.15,17.3,16.65,17.5,16.95,16.95,16.95,38.35,16.65,2264836,"3,83,91,859.30",6196
21-Feb-22,EQ,17.95,18,17.35,17.95,17.55,17.5,17.59,38.35,16.75,1212408,"2,13,21,222.50",4537
18-Feb-22,EQ,18.15,18.15,17.85,18.05,18,17.95,17.99,38.35,16.75,984590,"1,77,13,080.25",2934
17-Feb-22,EQ,18.3,18.45,18,18.3,18,18.05,18.16,38.35,16.75,754442,"1,36,98,594.70",3037
16-Feb-22,EQ,18.4,18.6,18.2,18.25,18.25,18.3,18.39,38.35,16.75,756226,"1,39,03,707.85",2674
15-Feb-22,EQ,18.15,18.35,18,18.1,18.2,18.25,18.14,38.35,16.75,1264507,"2,29,33,903.05",3735
14-Feb-22,EQ,18.2,18.45,18.05,18.7,18.15,18.1,18.21,38.35,16.75,1523883,"2,77,44,573.35",5119
11-Feb-22,EQ,18.8,19,18.65,18.85,18.7,18.7,18.74,38.35,16.75,1216447,"2,27,90,474.15",3483
10-Feb-22,EQ,18.95,19.1,18.75,18.9,18.9,18.85,18.86,38.35,16.75,1672122,"3,15,38,000.60",3644
09-Feb-22,EQ,18.85,19.1,18.85,18.95,18.95,18.9,18.96,38.35,16.75,1193824,"2,26,35,927.40",3430
08-Feb-22,EQ,19.15,19.4,18.75,19.15,19,18.95,19.02,38.35,16.75,1452439,"2,76,29,004.90",4607
07-Feb-22,EQ,20,20.15,19.05,19.65,19.1,19.15,19.36,38.35,16.75,2289199,"4,43,14,378.95",6908
04-Feb-22,EQ,19.5,19.85,19.4,19.35,19.8,19.65,19.58,39,16.75,2117403,"4,14,48,960.55",4266
03-Feb-22,EQ,19.2,19.6,19.15,19.15,19.35,19.35,19.38,39,16.75,1549270,"3,00,19,333.25",4169
02-Feb-22,EQ,19.45,19.45,18.65,19.15,19.2,19.15,19.22,39,16.75,1520654,"2,92,23,346.40",4513
01-Feb-22,EQ,19.4,19.45,19.1,19.25,19.25,19.15,19.27,39,16.75,896012,"1,72,66,826.30",3121
31-Jan-22,EQ,19.5,19.5,19.2,19.1,19.25,19.25,19.29,39,16.75,962414,"1,85,68,226.20",3543
28-Jan-22,EQ,19.5,19.6,16.75,19.25,19.25,19.1,19.1,39,16.75,2421673,"4,62,44,952.40",5974
27-Jan-22,EQ,19.15,19.35,18.75,19.15,19.3,19.25,19.04,39,17,2008079,"3,82,33,182.60",4708
25-Jan-22,EQ,19.05,19.4,18.5,18.95,19.25,19.15,19.08,39,17,1499128,"2,86,04,510.00",4498
24-Jan-22,EQ,19.75,19.8,18.75,19.75,18.95,18.95,19.19,39,17,2443360,"4,68,90,979.90",6427
21-Jan-22,EQ,20.05,20.1,19.65,20.1,19.8,19.75,19.88,40.4,17,2170628,"4,31,51,238.95",4915
20-Jan-22,EQ,20.25,20.45,20.05,20.3,20.1,20.1,20.21,40.4,17,1522450,"3,07,69,986.00",4013
19-Jan-22,EQ,20.45,20.85,20.05,20.45,20.35,20.3,20.4,40.4,17,1929785,"3,93,63,257.40",4432
18-Jan-22,EQ,20.4,21.3,20.35,20.4,20.5,20.45,20.84,40.4,17,6134328,"12,78,31,240.95",9696
17-Jan-22,EQ,20.7,20.95,20.25,20.6,20.35,20.4,20.48,40.4,17,3046602,"6,23,91,059.55",7144
14-Jan-22,EQ,20.4,20.8,20.3,20.45,20.65,20.6,20.61,43.4,17,1708221,"3,52,01,388.20",5221
13-Jan-22,EQ,20.5,20.6,20.35,20.4,20.45,20.45,20.47,43.4,17,2447111,"5,00,83,561.35",6121
12-Jan-22,EQ,20.6,20.85,20.35,20.55,20.45,20.4,20.61,43.4,17,1949310,"4,01,73,317.45",5328
11-Jan-22,EQ,21.2,21.2,20.4,21.15,20.65,20.55,20.73,43.4,17,3670785,"7,60,89,527.95",8020
10-Jan-22,EQ,21.5,21.95,21,21.3,21.2,21.15,21.34,43.4,17,5630444,"12,01,55,625.45",10719
07-Jan-22,EQ,21.5,22.3,21,19.95,21.35,21.3,21.59,44.6,17,26059554,"56,26,34,600.95",43217
06-Jan-22,EQ,19.85,20.1,19.3,19.85,19.9,19.95,19.8,44.6,17,5051668,"10,00,31,523.30",8667
05-Jan-22,EQ,19,20.05,18.8,18.95,19.65,19.85,19.57,44.6,17,9738292,"19,06,10,763.35",11540
04-Jan-22,EQ,19.25,19.5,18.8,19.05,19,18.95,19.18,44.6,17,1891273,"3,62,82,124.10",4983
03-Jan-22,EQ,18.6,19.25,18.5,18.6,19.1,19.05,19,44.6,17,2401214,"4,56,14,936.45",7051
31-Dec-21,EQ,18.4,18.75,18.4,18.5,18.65,18.6,18.61,44.6,17,1127838,"2,09,84,025.95",3133
30-Dec-21,EQ,18.55,18.65,18.4,18.55,18.5,18.5,18.55,44.6,17,950617,"1,76,29,938.35",2778
29-Dec-21,EQ,18.5,18.65,18.45,18.5,18.6,18.55,18.56,44.6,17,794765,"1,47,51,063.05",2497
28-Dec-21,EQ,18.6,18.65,18.4,18.4,18.55,18.5,18.52,44.6,17,1075037,"1,99,08,133.80",3302
27-Dec-21,EQ,18.55,18.6,18.2,18.55,18.5,18.4,18.42,44.6,17,1218723,"2,24,42,822.50",3990
24-Dec-21,EQ,18.95,18.95,18.5,18.8,18.55,18.55,18.61,44.6,17,906303,"1,68,68,858.55",3474
23-Dec-21,EQ,18.65,19.15,18.5,18.45,18.85,18.8,18.69,44.6,17,1272797,"2,37,91,346.95",3876
22-Dec-21,EQ,18.5,18.65,18.4,18.35,18.55,18.45,18.5,44.6,17,1006985,"1,86,31,612.10",3117
21-Dec-21,EQ,18.45,18.6,18.3,18.2,18.35,18.35,18.42,44.6,17,973639,"1,79,36,537.45",3696
20-Dec-21,EQ,18.7,18.8,17.95,18.9,18.3,18.2,18.22,44.6,17,1971460,"3,59,19,427.05",6929
17-Dec-21,EQ,19.25,19.3,18.85,19.2,19,18.9,18.99,44.6,17,1124006,"2,13,48,430.95",4190
16-Dec-21,EQ,19.45,19.5,19.1,19.3,19.2,19.2,19.24,44.6,17,944420,"1,81,68,795.10",4229
15-Dec-21,EQ,19.5,19.55,19.2,19.45,19.3,19.3,19.35,44.6,17,909766,"1,76,07,809.55",3273
14-Dec-21,EQ,19.55,19.6,19.25,19.65,19.4,19.45,19.42,44.6,17,953909,"1,85,24,356.85",3345
13-Dec-21,EQ,19.7,19.8,19.5,19.5,19.7,19.65,19.67,44.6,17,1705035,"3,35,29,690.30",5728
10-Dec-21,EQ,19.35,19.65,19.25,19.2,19.55,19.5,19.44,44.6,17,2528706,"4,91,60,076.75",5883
09-Dec-21,EQ,19.3,19.35,19.1,19.2,19.25,19.2,19.22,44.6,17,1910887,"3,67,18,616.40",3911
08-Dec-21,EQ,19.5,19.7,19.1,19.25,19.25,19.2,19.27,44.6,17,1286531,"2,47,97,402.95",3779
07-Dec-21,EQ,19.25,19.4,19.15,19.05,19.2,19.25,19.24,44.6,17,1189209,"2,28,80,418.10",3593
06-Dec-21,EQ,19.15,19.6,19,19.25,19,19.05,19.22,44.6,17,1447094,"2,78,11,151.00",4199
03-Dec-21,EQ,18.9,19.45,18.8,18.6,19.2,19.25,19.28,44.6,17,5331432,"10,27,81,330.00",10650
02-Dec-21,EQ,18.5,18.75,18.45,18.45,18.65,18.6,18.57,44.6,17,910146,"1,69,02,984.10",3089
01-Dec-21,EQ,18.45,18.65,18.25,18.2,18.5,18.45,18.4,44.6,17,990890,"1,82,33,380.85",3904
30-Nov-21,EQ,18.1,18.65,18.05,17.8,18.25,18.2,18.32,44.6,17,2382803,"4,36,61,148.20",5829
29-Nov-21,EQ,18.5,18.5,17,18.65,17.9,17.8,17.93,44.6,17,4343247,"7,78,58,636.80",16229
26-Nov-21,EQ,19.15,19.15,18.6,19.1,18.7,18.65,18.78,44.6,17.8,3349165,"6,28,97,502.60",10667
25-Nov-21,EQ,19.25,19.4,19,19.2,19.15,19.1,19.09,44.6,17.8,2554944,"4,87,64,290.50",8305
24-Nov-21,EQ,19.25,19.6,19.15,19.15,19.2,19.2,19.31,44.6,17.8,2663276,"5,14,25,013.35",9987
23-Nov-21,EQ,19.25,19.3,18.9,19.05,19.1,19.15,19.14,44.6,17.8,2456151,"4,70,21,393.00",11223
22-Nov-21,EQ,19.5,19.65,18.95,19.5,19.15,19.05,19.15,44.6,17.8,2493061,"4,77,35,449.55",12044
18-Nov-21,EQ,19.85,20.2,19.4,19.85,19.55,19.5,19.59,44.6,17.8,2351785,"4,60,78,640.45",9947
17-Nov-21,EQ,20,20.25,19.7,19.95,19.9,19.85,19.93,44.6,17.8,2240953,"4,46,69,196.65",5594
16-Nov-21,EQ,20,20.5,19.85,20.15,20.05,19.95,20.08,44.6,17.8,3030547,"6,08,49,171.25",7348
15-Nov-21,EQ,20.85,20.95,19.9,20.85,20.05,20.15,20.21,44.6,17.8,4066130,"8,21,69,507.70",11020
12-Nov-21,EQ,20.95,21.2,20.75,20.85,20.8,20.85,20.88,44.6,17.8,1649973,"3,44,58,437.20",3872
11-Nov-21,EQ,21,21.45,20.8,21.05,20.9,20.85,21.03,44.6,17.8,2747416,"5,77,87,667.80",5764
10-Nov-21,EQ,21.05,21.3,20.5,21.1,21.05,21.05,21.09,44.6,17.8,2339037,"4,93,23,007.95",5297
09-Nov-21,EQ,19,21.35,18.5,21.85,21.2,21.1,20.55,44.6,17.8,15860565,"32,59,73,462.75",34375
08-Nov-21,EQ,22,22.1,21.75,21.8,21.8,21.85,21.87,44.6,17.8,2020619,"4,41,95,162.25",5064
04-Nov-21,EQ,21.65,21.9,21.6,21.45,21.8,21.8,21.8,44.6,17.8,720287,"1,57,00,586.25",3436
03-Nov-21,EQ,21.75,21.85,21.4,21.6,21.55,21.45,21.52,44.6,17.8,1707098,"3,67,41,709.75",3913
02-Nov-21,EQ,21.75,21.9,21.5,21.6,21.6,21.6,21.65,44.6,17.8,2039129,"4,41,48,481.55",4757
01-Nov-21,EQ,22.5,22.5,21.5,22.25,21.65,21.6,21.82,44.6,17.8,4758962,"10,38,34,890.15",9586
29-Oct-21,EQ,21.2,23,20.9,21.2,22.5,22.25,22.38,44.6,17.8,12175484,"27,24,44,616.20",19853
28-Oct-21,EQ,21.8,22.05,21,21.85,21.25,21.2,21.43,44.6,17.8,1957691,"4,19,50,992.55",7083
27-Oct-21,EQ,22.1,22.2,21.05,21.95,21.9,21.85,21.86,44.6,17.8,1513168,"3,30,78,086.55",4298
26-Oct-21,EQ,21.65,22.2,21.65,21.7,21.95,21.95,21.97,44.6,17.8,2708945,"5,95,02,031.65",6757
25-Oct-21,EQ,22.45,22.45,21.05,21.95,21.7,21.7,21.65,44.6,17.8,2236350,"4,84,25,694.40",7184
22-Oct-21,EQ,22.35,22.65,21.85,22.35,22,21.95,22.19,44.6,17.8,2505864,"5,55,93,650.85",7053
21-Oct-21,EQ,22.65,22.65,22.2,22.25,22.45,22.35,22.37,44.6,17.8,2096990,"4,69,04,253.30",5412
20-Oct-21,EQ,22.6,22.8,22.1,22.85,22.3,22.25,22.36,44.6,17.8,2843294,"6,35,81,487.55",7898
19-Oct-21,EQ,23.6,23.75,22.7,23.35,22.8,22.85,23.08,44.6,17.8,3952940,"9,12,45,152.00",10562
18-Oct-21,EQ,22.85,23.75,22.65,22.4,23.45,23.35,23.25,44.6,17.8,6322002,"14,69,59,819.90",14024
14-Oct-21,EQ,22.9,23.1,22.25,22.8,22.45,22.4,22.68,44.6,17.8,5413011,"12,27,84,959.60",13558
13-Oct-21,EQ,23.05,23.75,22.7,23.05,22.7,22.8,23.16,44.6,17.8,9050413,"20,96,22,616.90",18553
12-Oct-21,EQ,21.8,23.5,21.55,20.8,22.95,23.05,22.6,44.6,17.8,25814969,"58,34,50,864.90",40890
11-Oct-21,EQ,20.85,21,20.75,20.8,20.75,20.8,20.87,44.6,17.8,2679630,"5,59,14,197.55",5086
08-Oct-21,EQ,20.9,21.15,20.7,20.65,20.75,20.8,20.86,44.6,17.8,2895622,"6,04,15,788.10",5066
07-Oct-21,EQ,20.8,20.95,20.6,20.65,20.65,20.65,20.72,44.6,17.8,1730347,"3,58,44,543.75",4001
06-Oct-21,EQ,21.1,21.1,20.65,20.95,20.7,20.65,20.82,44.6,17.8,2260172,"4,70,64,161.50",6334
05-Oct-21,EQ,21.1,21.2,20.85,21.1,20.95,20.95,21.06,44.6,17.8,2363679,"4,97,70,849.25",5341
04-Oct-21,EQ,21,21.35,21,20.9,21.1,21.1,21.15,44.6,17.8,3611089,"7,63,67,472.75",6678
01-Oct-21,EQ,21.2,21.2,20.8,21.1,20.95,20.9,21,44.6,17.8,2859127,"6,00,33,576.25",5447
30-Sep-21,EQ,20.55,21.4,20.45,20.4,21.1,21.1,21.06,44.6,17.8,7067040,"14,88,66,792.35",10482
29-Sep-21,EQ,20.15,20.5,19.95,20.15,20.5,20.4,20.37,44.6,17.8,2741472,"5,58,50,087.15",5751
28-Sep-21,EQ,20.05,20.35,19.95,20,20.2,20.15,20.17,44.6,17.8,3373576,"6,80,34,328.50",5772
27-Sep-21,EQ,20.2,20.25,19.8,19.8,20,20,19.98,44.6,17.8,7826743,"15,63,90,866.75",10421
24-Sep-21,EQ,20,20.05,19.75,19.85,19.8,19.8,19.88,44.6,17.8,2192716,"4,35,80,595.05",4287
23-Sep-21,EQ,20.1,20.4,19.85,19.9,19.9,19.85,19.98,44.6,17.8,4519888,"9,02,85,626.20",5224
22-Sep-21,EQ,20.05,20.25,19.8,20,20,19.9,19.97,44.6,17.8,2133650,"4,26,04,820.55",5184
21-Sep-21,EQ,20.15,20.35,19.55,20.15,20.05,20,19.89,44.6,17.8,3381970,"6,72,82,690.90",6741
20-Sep-21,EQ,20.6,20.9,20,20.65,20.15,20.15,20.49,44.6,17.8,2653306,"5,43,78,467.80",6970
17-Sep-21,EQ,20.85,21.5,20.5,20.6,20.55,20.65,20.81,44.6,17.8,7501303,"15,61,16,463.05",11685
16-Sep-21,EQ,20.45,20.85,20.3,20.35,20.65,20.6,20.62,44.6,17.8,6748991,"13,91,70,955.70",10062
15-Sep-21,EQ,20.2,20.65,20.2,20.2,20.4,20.35,20.43,44.6,17.8,4498658,"9,19,05,058.90",9252
14-Sep-21,EQ,20.7,20.75,20.1,20.5,20.25,20.2,20.39,44.6,17.8,6161845,"12,56,58,979.10",14039
13-Sep-21,EQ,20.95,21.4,20.3,20.5,20.4,20.5,20.86,44.6,17.8,21053268,"43,92,33,777.90",33084
09-Sep-21,EQ,19,21.15,18.9,18.9,20.7,20.5,20.11,44.6,17.8,20479433,"41,18,68,745.90",38171
08-Sep-21,EQ,18.75,19.15,18.7,18.8,18.9,18.9,18.89,44.6,17.8,6137985,"11,59,46,982.25",15927
07-Sep-21,EQ,19.5,19.5,18.6,19.5,18.85,18.8,18.85,44.6,17.8,6899708,"13,00,50,248.80",23394
06-Sep-21,EQ,19.9,19.9,19.25,19.75,19.55,19.5,19.49,44.6,17.8,3289977,"6,41,27,371.45",13244
03-Sep-21,EQ,19.8,19.85,19.7,19.8,19.8,19.75,19.8,44.6,17.8,2324742,"4,60,37,566.75",5649
02-Sep-21,EQ,19.85,20.1,19.75,19.85,19.85,19.8,19.87,44.6,17.8,2971235,"5,90,29,128.45",7018
01-Sep-21,EQ,19.8,19.95,19.65,19.8,19.75,19.85,19.86,44.6,17.8,2758102,"5,47,63,251.05",6494
31-Aug-21,EQ,20.1,20.15,19.75,20,19.8,19.8,19.92,44.6,17.8,2691115,"5,36,13,393.45",8505
30-Aug-21,EQ,20.25,20.55,19.9,19.9,20.05,20,20.1,44.6,17.8,4889230,"9,82,60,592.10",11947
27-Aug-21,EQ,19.7,20,19.5,19.7,19.95,19.9,19.84,44.6,17.8,3185563,"6,32,01,124.50",7684
26-Aug-21,EQ,20,20.05,19.45,19.85,19.7,19.7,19.8,44.6,17.8,3945102,"7,81,32,670.45",9892
25-Aug-21,EQ,20.5,20.5,19.75,20.25,19.85,19.85,20.01,44.6,17.8,6285476,"12,57,89,790.95",12179
24-Aug-21,EQ,19,20.8,18.9,18.45,20,20.25,19.92,44.6,17.8,24839487,"49,48,56,019.50",36437
23-Aug-21,EQ,19.7,19.8,17.8,19.7,19.2,18.45,18.64,44.6,17.8,34457765,"64,21,87,145.55",53689
20-Aug-21,EQ,23.05,23.25,19.4,24.25,19.75,19.7,20.89,44.6,19.4,44407619,"92,74,84,893.45",100374
18-Aug-21,EQ,24.5,24.85,24.1,24.5,24.4,24.25,24.38,44.6,24.1,2777924,"6,77,37,831.15",6986
17-Aug-21,EQ,25.3,25.65,24.45,25.35,24.5,24.5,24.84,44.6,24.45,3687868,"9,16,11,022.25",12461
16-Aug-21,EQ,25.8,25.9,25.25,25.7,25.5,25.35,25.45,44.6,25.1,2272160,"5,78,31,181.35",8054
13-Aug-21,EQ,26.35,26.35,25.55,26.15,25.7,25.7,25.85,44.6,25.1,2362586,"6,10,62,147.85",8406
12-Aug-21,EQ,25.75,26.3,25.6,25.55,26.1,26.15,25.99,44.6,25.1,2608448,"6,77,94,482.10",7253
11-Aug-21,EQ,26.2,26.2,25.1,25.95,25.55,25.55,25.44,44.6,25.1,3264817,"8,30,55,243.85",11329
10-Aug-21,EQ,26.65,27,25.85,26.55,25.95,25.95,26.32,44.6,25.85,3194627,"8,40,83,234.00",9205
09-Aug-21,EQ,26.2,27.2,26.2,27.35,26.65,26.55,26.74,44.6,26.2,4752686,"12,70,97,295.90",11956
06-Aug-21,EQ,27.7,27.9,27.3,27.45,27.35,27.35,27.54,44.6,26.5,2533607,"6,97,79,872.75",6710
05-Aug-21,EQ,28,28.05,27.3,27.95,27.5,27.45,27.52,44.6,26.5,2542140,"6,99,52,468.90",6446
04-Aug-21,EQ,28.3,28.5,27.85,28.3,27.9,27.95,28.17,44.6,26.5,2264589,"6,37,85,446.50",6021
03-Aug-21,EQ,28.7,28.75,28.2,28.55,28.3,28.3,28.53,44.6,26.5,2161618,"6,16,64,668.85",6405
02-Aug-21,EQ,28.95,28.95,28.5,28.8,28.6,28.55,28.63,44.6,26.5,3336191,"9,55,21,506.70",7647
30-Jul-21,EQ,28.8,29.2,28.75,28.85,28.8,28.8,28.9,44.6,26.5,1959647,"5,66,37,862.75",5115
29-Jul-21,EQ,29.1,29.2,28.8,29,28.9,28.85,28.91,44.6,26.5,2139480,"6,18,61,271.15",5931
28-Jul-21,EQ,29.25,29.3,28.75,29.1,29.05,29,29,44.6,26.5,2020520,"5,85,87,880.35",7363
27-Jul-21,EQ,29.25,29.85,29,29.1,29.1,29.1,29.36,44.6,26.5,2685690,"7,88,49,055.85",6362
26-Jul-21,EQ,29.3,29.4,29,29.1,29.05,29.1,29.19,44.6,26.5,1791840,"5,23,10,075.75",5459
23-Jul-21,EQ,29.9,29.95,28.9,29.75,29.15,29.1,29.31,44.6,26.5,3561672,"10,44,02,766.60",8254
22-Jul-21,EQ,30,30.2,29.7,29.7,29.8,29.75,29.9,44.6,26.5,2432996,"7,27,47,522.05",5745
20-Jul-21,EQ,30.2,30.25,29.5,30.05,29.6,29.7,29.77,44.6,26.5,2911571,"8,66,83,744.15",8891
19-Jul-21,EQ,30.15,30.5,29.9,30.4,30.1,30.05,30.16,44.6,26.5,4178406,"12,60,20,311.75",9597
16-Jul-21,EQ,30.65,30.75,30.25,30.6,30.4,30.4,30.49,44.6,26.5,3184372,"9,71,06,318.40",6792
15-Jul-21,EQ,31,31,30.5,30.8,30.65,30.6,30.76,44.6,26.5,3497653,"10,75,77,656.25",6271
14-Jul-21,EQ,30.95,31.15,30.75,30.85,30.85,30.8,30.93,44.6,26.5,5196092,"16,07,39,797.40",10179
13-Jul-21,EQ,31,31.6,30.75,30.95,30.85,30.85,31.09,44.6,26.5,15877865,"49,35,79,903.10",28454
12-Jul-21,EQ,32,33.8,30.7,30.5,31,30.95,32.18,44.6,26.5,43319204,"1,39,40,29,857.10",72344
09-Jul-21,EQ,30.25,31.55,30.1,30.25,30.55,30.5,30.75,44.6,26.5,13949950,"42,89,23,757.95",18155
08-Jul-21,EQ,31.15,31.6,30.1,31.6,30.35,30.25,30.87,44.6,26.5,13689871,"42,26,51,662.75",19900
07-Jul-21,EQ,29.55,32.5,29.55,30.15,32.2,31.6,31.31,44.6,26.5,25874369,"81,00,08,747.25",28421
06-Jul-21,EQ,30.6,30.8,30.1,30.6,30.2,30.15,30.45,44.6,26.5,2505023,"7,62,72,089.45",6816
05-Jul-21,EQ,31,31,30.5,30.65,30.55,30.6,30.69,44.6,26.5,1722857,"5,28,66,447.25",4611
02-Jul-21,EQ,30.7,30.9,30.6,30.65,30.65,30.65,30.73,44.6,26.5,967843,"2,97,43,200.80",2953
01-Jul-21,EQ,30.75,31.1,30.55,30.75,30.65,30.65,30.83,44.6,26.5,1188543,"3,66,44,517.85",3352
30-Jun-21,EQ,31.2,31.35,30.7,31.15,30.75,30.75,30.98,44.6,26.5,1651669,"5,11,69,530.30",6392
29-Jun-21,EQ,31.95,31.95,31.05,31.7,31.15,31.15,31.39,44.6,26.5,2237533,"7,02,27,962.50",8380
28-Jun-21,EQ,30.85,32.4,30.7,30.75,32,31.7,31.39,44.6,26.5,2737662,"8,59,23,108.05",7694
25-Jun-21,EQ,30.95,31.35,30.25,30.8,30.8,30.75,30.88,44.6,26.5,2099741,"6,48,34,816.90",5536
24-Jun-21,EQ,31.4,31.55,30.6,31.35,30.8,30.8,31.09,44.6,26.5,2050750,"6,37,50,821.80",5436
23-Jun-21,EQ,32,32.1,31.25,31.7,31.4,31.35,31.61,44.6,26.5,2014569,"6,36,71,229.05",4929
22-Jun-21,EQ,32,32.4,31.55,31.4,31.7,31.7,31.87,44.6,26.5,2854889,"9,09,72,479.90",6102
21-Jun-21,EQ,30.1,31.7,30.05,30.8,31.55,31.4,31.08,44.6,26.5,2961731,"9,20,51,575.65",7429
18-Jun-21,EQ,32,32.2,30.2,31.7,30.85,30.8,30.91,44.6,26.5,5277479,"16,31,00,712.55",10431
17-Jun-21,EQ,32,33.2,31.5,32.5,31.75,31.7,32.21,44.6,26.5,4861155,"15,65,97,824.35",8984
16-Jun-21,EQ,33.5,33.75,32.15,33.3,32.35,32.5,32.96,44.6,26.5,4359058,"14,36,81,309.00",8131
15-Jun-21,EQ,33,34.4,32.7,32.5,33.3,33.3,33.52,44.6,26.5,10867127,"36,42,14,319.70",15293
14-Jun-21,EQ,33,33.05,31.65,32.8,32.45,32.5,32.42,44.6,26.5,5638710,"18,27,87,372.30",10145
11-Jun-21,EQ,33.7,34.2,32.5,33.3,32.85,32.8,33.15,44.6,26.5,7325776,"24,28,22,820.35",12553
10-Jun-21,EQ,31.25,34.25,31.2,30.95,33.45,33.3,32.91,44.6,26.5,13354874,"43,95,33,215.95",23190
09-Jun-21,EQ,31,32.65,30.6,30.7,31,30.95,31.61,44.6,26.5,12036505,"38,04,15,821.20",20750
08-Jun-21,EQ,31.1,31.4,30.25,30.8,30.7,30.7,30.77,44.6,26.5,3343141,"10,28,51,934.55",7833
07-Jun-21,EQ,30.7,31.4,30.3,30.35,30.75,30.8,30.81,44.6,26.5,5189804,"15,98,86,872.00",11580
04-Jun-21,EQ,30.25,30.55,30.1,30.2,30.4,30.35,30.3,44.6,26.5,2944084,"8,92,01,943.70",8950
03-Jun-21,EQ,29.55,31,29.45,29.35,30.15,30.2,30.33,44.6,26.5,5719361,"17,34,67,010.65",12351
02-Jun-21,EQ,29.1,29.5,29.1,29.5,29.45,29.35,29.31,44.6,26.5,1433106,"4,19,99,187.80",4062
01-Jun-21,EQ,30,30.1,29.4,29.8,29.5,29.5,29.64,44.6,26.5,1259368,"3,73,24,134.85",4878
31-May-21,EQ,30,30.1,29.7,29.95,29.85,29.8,29.89,44.6,26.5,1543889,"4,61,45,578.45",5009
28-May-21,EQ,30.1,30.4,29.9,29.95,30,29.95,30.08,44.6,26.05,2104653,"6,33,17,209.20",6812
27-May-21,EQ,30.05,30.15,29.85,29.9,30,29.95,29.97,44.6,26.05,1496474,"4,48,47,810.40",3765
26-May-21,EQ,30,30.3,29.8,29.8,29.95,29.9,30.06,44.6,26.05,2777606,"8,34,94,154.95",5829
25-May-21,EQ,29.95,30.2,29.75,30,29.85,29.8,29.89,44.6,26.05,1855812,"5,54,68,419.60",5352
24-May-21,EQ,30.45,30.45,29.8,29.8,30,30,29.99,44.6,26.05,2130205,"6,38,93,926.70",5655
21-May-21,EQ,30.1,30.4,29.65,29.95,29.8,29.8,29.9,44.6,25.6,2539590,"7,59,32,900.35",6790
20-May-21,EQ,29.25,30.4,29.25,29.6,30,29.95,30.02,44.6,25.6,3843010,"11,53,49,059.70",11244
19-May-21,EQ,30,30,28.7,30.55,29.65,29.6,29.57,44.6,25.6,7871487,"23,27,53,129.55",16867
18-May-21,EQ,30.75,31.1,30.3,30.15,30.6,30.55,30.64,44.6,25.6,3913316,"11,98,88,263.05",8721
17-May-21,EQ,30.1,30.5,30,29.7,30.25,30.15,30.2,44.6,25.6,2880787,"8,69,88,701.10",6404
14-May-21,EQ,29.85,30.7,29.25,29.6,29.8,29.7,30.09,44.6,25.6,4270505,"12,85,09,030.90",10043
12-May-21,EQ,29.2,30.35,29.1,29,29.65,29.6,29.67,44.6,25.6,4217560,"12,51,43,922.85",10778
11-May-21,EQ,28.9,29.1,28.8,29.05,29.1,29,28.95,44.6,25.6,1579935,"4,57,35,074.70",4558
10-May-21,EQ,29.15,29.7,29,29.1,29.05,29.05,29.19,44.6,25.6,1900181,"5,54,68,280.30",6376
07-May-21,EQ,29.15,29.6,29.05,29.15,29.15,29.1,29.26,44.6,25.6,1335925,"3,90,89,969.30",3933
06-May-21,EQ,30.1,30.1,29.1,29.65,29.2,29.15,29.44,44.6,25.6,2382118,"7,01,25,078.00",8179
05-May-21,EQ,29,30.4,28.75,28.75,29.65,29.65,29.75,44.6,25.6,6557585,"19,51,09,660.10",11842
04-May-21,EQ,29,29.6,28.55,28.5,28.85,28.75,29.06,44.6,25.6,2121993,"6,16,61,001.75",5509
03-May-21,EQ,28.35,28.75,28.05,28.75,28.75,28.5,28.4,44.6,25.6,1547220,"4,39,47,156.45",4796
30-Apr-21,EQ,28.45,29.45,28.1,28.9,28.8,28.75,28.98,44.6,25.6,2984190,"8,64,84,959.30",7163
29-Apr-21,EQ,28.7,29.9,28.2,28.1,28.95,28.9,29.09,44.6,25.6,6386221,"18,58,04,432.35",10948
28-Apr-21,EQ,27.1,28.4,27,27,28.3,28.1,27.5,44.6,25.6,7994710,"21,98,82,967.45",9714
27-Apr-21,EQ,26.95,27.2,26.75,26.75,27.1,27,26.99,44.6,25.6,3556009,"9,59,62,143.00",6590
26-Apr-21,EQ,27,27.35,26.7,26.8,26.85,26.75,26.95,44.6,25.6,2942002,"7,92,93,446.10",7196
23-Apr-21,EQ,26.75,27.6,26.6,26.8,26.85,26.8,26.97,44.6,25.6,4160460,"11,22,04,046.70",11111
22-Apr-21,EQ,27.2,27.2,26.5,27.25,26.85,26.8,26.84,44.6,25.6,3131878,"8,40,63,636.15",12094
20-Apr-21,EQ,27.95,27.95,27.15,27.5,27.25,27.25,27.49,44.6,25.6,3157672,"8,68,04,414.10",12823
19-Apr-21,EQ,28,28,27.25,28.85,27.5,27.5,27.69,44.6,25.6,2630665,"7,28,45,868.80",10555
16-Apr-21,EQ,28.9,29.4,28.75,29.05,28.95,28.85,28.96,44.6,25.6,2563662,"7,42,33,476.95",14126
15-Apr-21,EQ,29.85,30.1,28.85,29.85,29.1,29.05,29.32,44.6,25.6,2935696,"8,60,81,598.00",8657
13-Apr-21,EQ,29.25,29.95,29,29.1,29.95,29.85,29.56,44.6,25.6,1315283,"3,88,80,828.35",4878
12-Apr-21,EQ,30.15,30.2,29,30.45,29.2,29.1,29.37,44.6,25.6,2695992,"7,91,77,319.85",13802
09-Apr-21,EQ,30.7,30.85,30.3,30.45,30.5,30.45,30.52,44.6,25.6,2898259,"8,84,65,554.90",16496
08-Apr-21,EQ,31.3,31.7,30.25,30.9,30.5,30.45,31.03,44.6,25.6,5180734,"16,07,37,879.45",22536
07-Apr-21,EQ,31,31.8,30.7,30.9,30.95,30.9,31,44.6,25.6,4088494,"12,67,31,688.60",16977
06-Apr-21,EQ,31.1,31.5,30.65,31.05,31.05,30.9,31.18,44.6,25.6,1224123,"3,81,71,346.05",4336
05-Apr-21,EQ,31.85,31.9,30.5,31.9,31.1,31.05,31.06,44.6,25.6,1788772,"5,55,56,134.65",8180
01-Apr-21,EQ,30.8,32.15,30.6,30.5,31.95,31.9,31.48,44.6,25.1,2676741,"8,42,71,796.00",10173
31-Mar-21,EQ,30.4,30.8,30.25,30.2,30.55,30.5,30.52,44.6,25.1,2413212,"7,36,43,669.65",8541
30-Mar-21,EQ,30.8,30.8,30.05,30.5,30.25,30.2,30.35,44.6,25.1,1973580,"5,98,97,804.70",10209
26-Mar-21,EQ,31.4,31.45,30.35,31,30.6,30.5,30.69,44.6,23.1,3024482,"9,28,23,981.85",16585
25-Mar-21,EQ,31.5,31.85,30.75,31.45,31,31,30.96,44.6,23.1,2662325,"8,24,29,867.20",15268
24-Mar-21,EQ,32.5,32.9,31.3,32.8,31.6,31.45,31.81,44.6,23.1,3027867,"9,63,22,678.65",10563
23-Mar-21,EQ,32.2,33.2,32.1,32.15,32.7,32.8,32.68,44.6,23.1,2245739,"7,33,81,916.05",5765
22-Mar-21,EQ,32.35,32.55,31.9,32.05,32.2,32.15,32.22,44.6,23.1,1693792,"5,45,81,362.70",4834
19-Mar-21,EQ,31.55,32.35,30.7,31.75,32,32.05,31.59,44.6,23.1,3171587,"10,01,95,293.15",7646
18-Mar-21,EQ,33,33.6,30.6,32.9,31.7,31.75,32.44,44.6,23.1,2943122,"9,54,79,495.25",8821
17-Mar-21,EQ,33.9,33.95,32.8,33.7,32.95,32.9,33.27,44.6,23.1,2801286,"9,32,07,414.85",6932
16-Mar-21,EQ,34,34.4,33.5,33.85,33.85,33.7,33.91,44.6,23.1,3100479,"10,51,24,358.65",6168
15-Mar-21,EQ,34.45,34.5,33.5,34.35,33.95,33.85,33.87,44.6,23.1,2621109,"8,87,76,168.80",8244
12-Mar-21,EQ,34.75,35.65,34.05,34.65,34.4,34.35,34.9,44.6,23.1,6400813,"22,33,60,372.30",10514
10-Mar-21,EQ,34.65,35.2,34.35,34.25,34.6,34.65,34.75,44.6,23.1,3027726,"10,52,16,781.80",6278
09-Mar-21,EQ,35.8,35.9,34,35.45,34.4,34.25,34.79,44.6,23.1,3301139,"11,48,42,855.60",7863
08-Mar-21,EQ,36.25,36.75,35.35,35.8,35.45,35.45,35.79,44.6,23.1,3567568,"12,76,68,817.30",7905
05-Mar-21,EQ,35.75,37.7,35.1,35.9,35.9,35.8,36.45,50.9,23.1,14106179,"51,41,78,263.20",23054
04-Mar-21,EQ,33.3,38.35,33,33.45,35.45,35.9,36.51,50.9,23.1,38709568,"1,41,32,87,458.15",63907
03-Mar-21,EQ,33.75,33.8,33.3,33.5,33.5,33.45,33.53,50.9,23.1,3076232,"10,31,59,685.60",9935
02-Mar-21,EQ,34.2,34.45,33.4,33.85,33.65,33.5,33.68,50.9,23.1,3054318,"10,28,75,261.35",14375
01-Mar-21,EQ,33.75,34.5,33.65,33.55,33.85,33.85,34.08,50.9,23.1,2310689,"7,87,52,907.80",8988
26-Feb-21,EQ,34,34.2,33.1,34.3,33.6,33.55,33.56,53.2,23.1,3022568,"10,14,42,224.75",12854
25-Feb-21,EQ,34.5,34.65,34.1,34.2,34.3,34.3,34.32,53.2,23.1,1825645,"6,26,50,664.65",7997
24-Feb-21,EQ,34,34.7,33.5,33.75,34.1,34.2,34.07,53.2,23.1,1765919,"6,01,60,501.70",4910
23-Feb-21,EQ,34.2,34.5,33.6,34,33.85,33.75,33.85,53.2,23.1,2003253,"6,78,01,857.90",7561
22-Feb-21,EQ,35.2,35.25,33.8,35.1,34.1,34,34.23,53.2,23.1,3147540,"10,77,49,630.00",15559
19-Feb-21,EQ,35.75,35.95,35,35.75,35.1,35.1,35.37,54.45,23.1,2229124,"7,88,52,230.80",9467
18-Feb-21,EQ,35.9,36.4,35.6,35.7,35.75,35.75,35.92,54.45,23.1,4354937,"15,64,13,531.75",8324
17-Feb-21,EQ,35.9,36.15,35.6,35.95,35.85,35.7,35.81,54.45,23.1,2353623,"8,42,86,931.30",4875
16-Feb-21,EQ,35.9,36.45,35.55,35.9,35.95,35.95,35.99,54.45,23.1,2589760,"9,31,96,540.90",4701
15-Feb-21,EQ,35.75,36.15,35.45,35.35,35.95,35.9,35.83,54.45,23.1,1989510,"7,12,85,029.95",6461
12-Feb-21,EQ,35.5,36.2,35.2,35.25,35.25,35.35,35.64,55.95,23.1,1966752,"7,01,00,371.00",6685
11-Feb-21,EQ,35.4,35.8,35.2,35.45,35.4,35.25,35.34,55.95,23.1,1191279,"4,20,94,382.30",5202
10-Feb-21,EQ,35.8,36,35.4,35.85,35.55,35.45,35.59,55.95,23.1,1197366,"4,26,18,428.70",4984
09-Feb-21,EQ,36.4,36.4,35.7,36.2,35.85,35.85,35.9,55.95,23.1,1368609,"4,91,27,584.65",4773
08-Feb-21,EQ,37.15,37.15,36.05,36.5,36.15,36.2,36.27,55.95,23.1,2792191,"10,12,64,652.40",8084
05-Feb-21,EQ,36.6,36.7,36.1,35.75,36.55,36.5,36.44,58.2,23.1,3285116,"11,96,95,021.10",7288
04-Feb-21,EQ,34.6,36.2,32.25,36.95,36.05,35.75,35.12,58.2,23.1,9337119,"32,78,98,631.25",29794
03-Feb-21,EQ,37,39,36.75,36.65,37,36.95,37.72,58.2,23.1,5393936,"20,34,82,027.60",12670
02-Feb-21,EQ,37,37.85,34.7,36.5,36.3,36.65,36.28,58.2,23.1,12717594,"46,13,96,199.65",21369
01-Feb-21,EQ,36.25,37,35.5,35.7,36.65,36.5,36.16,58.2,23.1,2839188,"10,26,69,830.10",8369
29-Jan-21,EQ,37.1,37.95,35.5,36.4,35.8,35.7,36.13,58.2,23.1,2675042,"9,66,50,007.65",9009
28-Jan-21,EQ,35.5,37.4,35.25,35.6,36.5,36.4,36.63,58.2,23.1,3532769,"12,93,98,195.90",12807
27-Jan-21,EQ,36.05,36.4,35,36.05,35.7,35.6,35.84,58.2,23.1,1637776,"5,87,03,746.90",6321
25-Jan-21,EQ,37.9,38.1,36,37.9,36.2,36.05,36.65,58.2,23.1,2457236,"9,00,62,361.95",13388
22-Jan-21,EQ,38.9,38.9,37.8,38.7,37.95,37.9,38.15,58.2,23.1,1533727,"5,85,08,152.20",7351
21-Jan-21,EQ,39,40.05,38.4,38.75,38.9,38.7,39.17,58.2,23.1,2086225,"8,17,20,297.40",6204
20-Jan-21,EQ,39.1,39.3,38.35,38.85,38.8,38.75,38.88,58.2,23.1,1501026,"5,83,55,665.40",7463
19-Jan-21,EQ,38.9,39.35,38.7,38.6,39.1,38.85,39,58.2,23.1,1869098,"7,28,90,329.00",6241
18-Jan-21,EQ,40.4,40.4,38.5,40,38.6,38.6,39.03,58.2,23.1,1803715,"7,03,96,661.65",7764
15-Jan-21,EQ,41.6,41.8,39.75,41.6,40.1,40,40.39,58.2,23.1,3007035,"12,14,56,293.90",10716
14-Jan-21,EQ,41.7,42.65,41.4,41.75,41.8,41.6,41.86,58.2,23.1,1552202,"6,49,74,092.60",7061
13-Jan-21,EQ,42.5,43.15,41.4,42.45,41.65,41.75,42.21,58.2,23.1,1811776,"7,64,71,315.15",6535
12-Jan-21,EQ,41.5,43.2,40.45,41.8,42.35,42.45,42.44,58.2,23.1,2912901,"12,36,21,441.10",11559
11-Jan-21,EQ,43.05,43.4,41.3,42.6,41.8,41.8,42.21,58.2,23.1,2520889,"10,64,03,372.60",13477
08-Jan-21,EQ,44,44.1,42.1,43,42.45,42.6,43.27,58.2,23.1,6112838,"26,45,11,649.15",18485
07-Jan-21,EQ,40,44.6,39.8,39.7,43,43,42.85,58.2,23.1,17359607,"74,39,02,347.65",40873
06-Jan-21,EQ,40,40.3,39.6,39.85,39.65,39.7,39.89,58.2,23.1,1253254,"4,99,95,227.15",4709
05-Jan-21,EQ,39.6,40,39.4,40.05,39.85,39.85,39.77,58.2,23.1,947909,"3,76,97,660.90",3481
04-Jan-21,EQ,40.4,40.45,39.8,39.6,40.05,40.05,40.14,58.2,23.1,1730976,"6,94,88,763.10",5851
01-Jan-21,EQ,40,40,39.5,39.3,39.65,39.6,39.69,58.2,23.1,949041,"3,76,64,486.70",3297
31-Dec-20,EQ,39.7,40,39.15,39.75,39.2,39.3,39.5,58.2,23.1,874430,"3,45,40,128.60",3129
30-Dec-20,EQ,39.8,40.2,39.1,39.75,39.7,39.75,39.66,58.2,23.1,998454,"3,95,97,435.90",3378
29-Dec-20,EQ,40.5,40.5,39.1,39.9,39.65,39.75,39.9,58.2,23.1,1546083,"6,16,82,148.85",5382
28-Dec-20,EQ,39.35,40,39.05,38.2,40,39.9,39.59,58.2,23.1,2433036,"9,63,31,499.05",9105
24-Dec-20,EQ,38.45,39.1,38,38.15,38.25,38.2,38.52,58.6,23.1,857127,"3,30,12,389.85",4004
23-Dec-20,EQ,38,38.7,37.9,37.85,38.25,38.15,38.29,58.6,23.1,1075710,"4,11,84,031.55",4422
22-Dec-20,EQ,37.2,38.3,34,37.2,37.95,37.85,36.48,58.6,23.1,3270099,"11,92,98,686.80",12336
21-Dec-20,EQ,39.3,39.95,35,39.3,37.5,37.2,38.25,58.6,23.1,2573282,"9,84,20,425.55",11673
18-Dec-20,EQ,40,40.4,39.1,39.7,39.3,39.3,39.45,61.1,23.1,1196446,"4,72,03,905.10",4484
17-Dec-20,EQ,40,40.45,39.6,39.25,39.8,39.7,40.04,61.1,23.1,3574793,"14,31,52,333.95",11172
16-Dec-20,EQ,38.9,39.85,38.85,38.8,39.15,39.25,39.26,61.1,23.1,1516892,"5,95,51,222.70",4859
15-Dec-20,EQ,39.2,39.2,38.55,39.05,38.85,38.8,38.76,61.1,23.1,739455,"2,86,57,820.05",2732
14-Dec-20,EQ,39.25,39.55,38.85,38.85,39.2,39.05,39.08,61.1,23.1,964041,"3,76,72,028.70",3385
11-Dec-20,EQ,39,39.7,38.75,39,38.9,38.85,39.06,62.8,23.1,1021659,"3,99,07,274.60",3940
10-Dec-20,EQ,39.5,39.6,37,39.35,39,39,38.16,62.8,23.1,2172812,"8,29,16,092.85",7626
09-Dec-20,EQ,40.6,40.7,39.25,40.15,39.35,39.35,39.61,62.8,23.1,7155703,"28,34,63,081.70",8734
08-Dec-20,EQ,41,41.7,39.4,40.75,40.3,40.15,40.58,62.8,23.1,3706191,"15,03,87,699.00",11848
07-Dec-20,EQ,38.25,41.55,37.9,38.05,40.7,40.75,40.49,62.8,23.1,11954148,"48,39,81,280.70",25529
04-Dec-20,EQ,38.2,38.45,37.95,37.95,38.2,38.05,38.19,62.8,23.1,1175489,"4,48,96,273.75",5579
03-Dec-20,EQ,38.1,38.5,37.8,37.95,37.9,37.95,38.13,62.8,23.1,1909398,"7,28,04,519.50",11051
02-Dec-20,EQ,38.5,38.85,37.8,38.05,37.95,37.95,38.05,62.8,23.1,946728,"3,60,24,295.60",4070
01-Dec-20,EQ,37.8,38.45,37.55,37.8,38.1,38.05,37.97,62.8,23.1,1066379,"4,04,94,963.10",4114
27-Nov-20,EQ,37.9,38.15,37.65,37.8,37.8,37.8,37.85,62.8,23.1,1200092,"4,54,28,402.95",3965
26-Nov-20,EQ,38.85,39,37.5,38.5,37.8,37.8,37.97,62.8,23.1,1502689,"5,70,53,042.05",5521
25-Nov-20,EQ,38.55,39.5,36.45,38.25,38.6,38.5,38.1,62.8,23.1,3097102,"11,79,96,166.45",10320
24-Nov-20,EQ,41.5,42.5,38.05,40.4,38.4,38.25,39.82,62.8,23.1,7712208,"30,71,35,544.20",19804
23-Nov-20,EQ,35.7,40.4,35.6,33.7,40.4,40.4,39.45,62.8,23.1,18084771,"71,35,19,008.75",28541
20-Nov-20,EQ,34.2,34.9,33.5,33.95,33.8,33.7,33.92,62.8,23.1,1005973,"3,41,19,183.15",3404
19-Nov-20,EQ,34.7,34.9,33.3,34.95,34.1,33.95,34.42,62.8,23.1,916818,"3,15,55,193.95",3443
18-Nov-20,EQ,34.7,35.45,33.5,34.65,34.95,34.95,34.76,62.8,23.1,1281126,"4,45,38,067.55",4500
17-Nov-20,EQ,33.6,35.4,33.1,33.6,34.7,34.65,34.47,62.8,23.1,2204357,"7,59,84,969.25",7388
14-Nov-20,EQ,33.5,33.95,33.45,33.05,33.6,33.6,33.67,62.8,23.1,421410,"1,41,89,269.80",2472
13-Nov-20,EQ,32.4,33.4,32.35,32.3,33.15,33.05,32.98,62.8,23.1,758878,"2,50,26,140.70",2739
12-Nov-20,EQ,32.6,32.75,32.05,32.45,32.4,32.3,32.46,62.8,23.1,533932,"1,73,32,820.10",2443
11-Nov-20,EQ,33.4,33.55,32.2,33.3,32.45,32.45,32.67,62.8,23.1,929055,"3,03,52,599.60",3315
10-Nov-20,EQ,33.65,33.7,32.6,33.3,33.25,33.3,33.26,62.8,23.1,1140856,"3,79,47,502.45",4532
09-Nov-20,EQ,33.8,33.95,33,32.25,33.3,33.3,33.53,62.8,23.1,2290622,"7,68,09,392.00",9282
06-Nov-20,EQ,31.5,32.95,31.05,31.3,32.4,32.25,32.21,62.8,23.1,1904639,"6,13,52,282.85",8260
05-Nov-20,EQ,31,31.5,31,30.9,31.5,31.3,31.28,62.8,23.1,586540,"1,83,48,372.20",2408
04-Nov-20,EQ,30.95,31.3,30.65,30.9,30.9,30.9,30.94,62.8,23.1,409031,"1,26,54,437.45",1859
03-Nov-20,EQ,31,31.2,30.75,30.75,30.9,30.9,30.98,62.8,23.1,516820,"1,60,08,836.00",2753
02-Nov-20,EQ,30.95,31.85,30.45,30.75,30.8,30.75,31.1,62.8,23.1,846264,"2,63,17,799.45",6683
30-Oct-20,EQ,30.9,31.6,30.5,30.75,30.65,30.75,30.94,62.8,23.1,386576,"1,19,62,410.80",2270
29-Oct-20,EQ,30,31.2,30,31.1,30.95,30.75,30.55,62.8,23.1,544928,"1,66,50,032.00",3592
28-Oct-20,EQ,31.5,31.6,31,31.3,31.25,31.1,31.27,62.8,23.1,335992,"1,05,04,971.05",2264
27-Oct-20,EQ,32.3,32.3,31.1,31.7,31.4,31.3,31.57,62.8,23.1,424786,"1,34,08,956.30",2428
26-Oct-20,EQ,31.9,32.7,31.55,31.95,31.9,31.7,32.01,62.8,23.1,546287,"1,74,89,338.25",2994
23-Oct-20,EQ,32.35,32.65,31.9,31.9,31.95,31.95,32.09,62.8,23.1,478659,"1,53,59,215.40",1920
22-Oct-20,EQ,31.55,32.5,31.55,32.05,32.05,31.9,32.04,62.8,23.1,290890,"93,18,880.85",1966
21-Oct-20,EQ,32.3,33,31.85,32.05,32.1,32.05,32.37,62.8,23.1,798681,"2,58,49,417.90",4172
20-Oct-20,EQ,32.7,33.3,31.9,32.7,32.2,32.05,32.43,62.8,23.1,747569,"2,42,40,486.05",4333
19-Oct-20,EQ,31.3,33.5,30.7,30.85,32.85,32.7,32.27,62.8,23.1,1829875,"5,90,47,560.30",8066
16-Oct-20,EQ,31,31.4,30.6,31,31,30.85,30.87,62.8,23.1,334260,"1,03,18,362.70",3399
15-Oct-20,EQ,31.25,31.5,30.8,31.25,31.1,31,31.14,62.8,23.1,397772,"1,23,87,875.15",3390
14-Oct-20,EQ,31.2,31.6,31,31.5,31.2,31.25,31.25,62.8,23.1,370536,"1,15,79,684.35",2940
13-Oct-20,EQ,32.2,32.2,31.15,32.25,31.4,31.5,31.59,62.8,23.1,454896,"1,43,68,386.40",4178
12-Oct-20,EQ,32.3,32.5,31.8,32.1,32.05,32.25,32.15,62.8,23.1,432510,"1,39,04,192.30",3338
09-Oct-20,EQ,32.8,33.1,32,32.7,32.05,32.1,32.49,62.8,23.1,709369,"2,30,50,889.15",3770
08-Oct-20,EQ,32.5,32.95,32.5,32.5,32.9,32.7,32.68,62.8,23.1,466478,"1,52,44,986.95",4265
07-Oct-20,EQ,32.9,33.4,32.45,32.9,32.6,32.5,32.9,62.8,23.1,413869,"1,36,15,734.45",2412
06-Oct-20,EQ,33,33.3,32.65,32.95,32.85,32.9,32.91,62.8,23.1,328215,"1,08,03,026.50",2254
05-Oct-20,EQ,32.55,33.9,32.55,32.55,32.9,32.95,32.99,62.8,23.1,612856,"2,02,17,785.00",3535
01-Oct-20,EQ,32,33.35,31.85,31.75,32.5,32.55,32.64,62.8,23.1,795788,"2,59,76,788.65",4488
30-Sep-20,EQ,31.8,32.4,31.3,31.8,31.8,31.75,31.87,62.8,23.1,424688,"1,35,35,444.00",2611
29-Sep-20,EQ,32.3,32.55,31.55,32.15,31.8,31.8,31.96,62.8,23.1,490528,"1,56,79,131.75",2770
28-Sep-20,EQ,32,32.7,32,31.9,32.3,32.15,32.33,62.8,23.1,483827,"1,56,41,964.55",2792
25-Sep-20,EQ,31.25,32.7,31.2,31.15,32,31.9,31.89,62.8,23.1,588005,"1,87,51,074.40",3638
24-Sep-20,EQ,31.25,31.9,31.05,32.25,31.25,31.15,31.33,62.8,23.1,495936,"1,55,40,037.85",4669
23-Sep-20,EQ,33.5,33.5,31.5,32.15,32.15,32.25,32.22,62.8,23.1,582660,"1,87,73,026.85",3167
22-Sep-20,EQ,33,33.25,31.05,33.15,32.35,32.15,32,62.8,23.1,930118,"2,97,61,562.25",5693
21-Sep-20,EQ,34.2,34.6,33.1,34.2,33.2,33.15,33.57,62.8,23.1,463479,"1,55,60,507.80",3950
18-Sep-20,EQ,33.9,35,33.6,33.9,34.5,34.2,34.03,62.8,23.1,612621,"2,08,45,691.05",2862
17-Sep-20,EQ,33.8,34.2,33.6,33.95,33.95,33.9,33.94,62.8,23.1,518218,"1,75,87,927.15",3607
16-Sep-20,EQ,34.2,34.5,33.8,34.2,34,33.95,34.07,62.8,23.1,533650,"1,81,80,218.50",4158
15-Sep-20,EQ,35.15,35.15,34,34.7,34.25,34.2,34.29,62.8,23.1,599766,"2,05,66,143.65",3379
14-Sep-20,EQ,34.4,35,34.3,34.3,34.6,34.7,34.69,62.8,23.1,1158539,"4,01,92,435.25",4860
11-Sep-20,EQ,34.35,34.6,33.9,34.35,34.3,34.3,34.26,62.8,23.1,375216,"1,28,54,309.35",2137
10-Sep-20,EQ,34.65,35.2,34.1,34.65,34.35,34.35,34.74,62.8,23.1,490850,"1,70,50,855.65",2654
09-Sep-20,EQ,33.5,34.8,32.6,33.75,34.55,34.65,33.51,62.8,23.1,1018681,"3,41,39,190.05",6502
08-Sep-20,EQ,34.4,34.4,33.7,34.05,33.8,33.75,33.94,62.8,23.1,495230,"1,68,07,316.20",2743
07-Sep-20,EQ,34.55,35,33.65,34.55,34.15,34.05,34.13,62.8,23.1,571785,"1,95,14,636.75",3972
04-Sep-20,EQ,34.8,35.3,34.3,35.25,34.8,34.55,34.79,62.8,23.1,941253,"3,27,41,486.80",4169
03-Sep-20,EQ,35.8,35.8,35.1,35.45,35.3,35.25,35.42,62.8,23.1,675682,"2,39,31,922.95",3026
02-Sep-20,EQ,35.5,35.85,34.9,35.2,35.6,35.45,35.4,62.8,23.1,747269,"2,64,51,789.50",3085
01-Sep-20,EQ,35,35.9,35,35.5,35.3,35.2,35.26,62.8,23.1,716096,"2,52,47,664.95",5023
31-Aug-20,EQ,38,38.45,35.2,37.45,35.4,35.5,36.72,62.8,23.1,3532942,"12,97,40,712.05",13486
28-Aug-20,EQ,36.8,37.75,36.45,36.45,37.7,37.45,37.26,62.8,23.1,3839591,"14,30,52,540.40",10149
27-Aug-20,EQ,37.5,37.5,36.15,37,36.55,36.45,36.72,62.8,23.1,1980161,"7,27,03,821.05",6617
26-Aug-20,EQ,35.8,37.6,35,35.15,37,37,36.65,62.8,23.1,3930576,"14,40,37,498.65",10914
25-Aug-20,EQ,36,36,35,35.55,35.2,35.15,35.31,62.8,23.1,1163494,"4,10,86,181.40",4464
24-Aug-20,EQ,36.2,36.35,35.4,35.75,35.55,35.55,35.78,62.8,23.1,881926,"3,15,52,111.75",3801
21-Aug-20,EQ,35.6,36.2,35.55,35.55,35.8,35.75,35.87,62.8,23.1,1365640,"4,89,79,714.75",4593
20-Aug-20,EQ,35.5,35.75,34.6,35.75,35.55,35.55,35.44,62.8,23.1,1208739,"4,28,33,997.35",4581
19-Aug-20,EQ,35,36.2,34.65,34.65,35.75,35.75,35.64,62.8,23.1,2530783,"9,01,85,468.70",8058
18-Aug-20,EQ,34.35,34.95,34.1,34.2,34.8,34.65,34.62,62.8,23.1,815385,"2,82,30,487.80",3509
17-Aug-20,EQ,34.6,34.95,33.45,34.6,34.15,34.2,34.29,62.8,23.1,853416,"2,92,66,061.30",4036
14-Aug-20,EQ,35.2,35.6,34.25,35.15,34.45,34.6,34.9,62.8,23.1,1298652,"4,53,22,129.65",5823
13-Aug-20,EQ,35.25,35.65,35,35.1,35.2,35.15,35.22,62.8,23.1,860892,"3,03,22,901.95",3708
12-Aug-20,EQ,34.9,35.55,34.5,35.05,35.15,35.1,35.11,62.8,23.1,752824,"2,64,33,142.80",3818
11-Aug-20,EQ,35,35.35,34.5,35.1,35.1,35.05,34.99,62.8,23.1,1247523,"4,36,56,100.40",4637
10-Aug-20,EQ,35.9,36.25,34.55,36.25,35.15,35.1,35.19,62.8,23.1,1765772,"6,21,38,115.30",6953
07-Aug-20,EQ,33.8,37,33.75,33.6,36.05,36.25,35.27,62.8,23.1,2928664,"10,32,86,009.30",9513
06-Aug-20,EQ,33.85,34.3,33.15,33.5,33.7,33.6,33.69,62.8,23.1,1022906,"3,44,60,169.00",4550
05-Aug-20,EQ,33.25,33.8,33,33,33.55,33.5,33.52,62.8,23.1,1005382,"3,36,95,680.90",5264
04-Aug-20,EQ,32.8,33.8,31.8,32.8,32.95,33,32.71,62.8,23.1,2464378,"8,06,10,251.00",9532
03-Aug-20,EQ,33,34.25,31,34.4,32.8,32.8,33.22,62.8,23.1,2056170,"6,82,98,346.55",9037
31-Jul-20,EQ,34.4,34.95,33.3,34,34.85,34.4,34.08,62.8,23.1,1059521,"3,61,03,672.45",4251
30-Jul-20,EQ,35.4,35.5,33.7,35.05,34.3,34,34.41,62.8,23.1,1069135,"3,67,86,655.60",5933
29-Jul-20,EQ,34.6,35.85,34.1,34.6,35.1,35.05,35.12,62.8,23.1,917580,"3,22,26,286.00",4030
28-Jul-20,EQ,34.9,34.9,33.5,34.2,34.65,34.6,34.21,62.8,23.1,1334175,"4,56,39,326.90",7506
27-Jul-20,EQ,35.5,35.75,34.15,35.3,34.3,34.2,34.5,62.8,23.1,1575967,"5,43,75,868.05",10038
24-Jul-20,EQ,35.75,35.9,35.05,35.95,35.5,35.3,35.45,62.8,23.1,975852,"3,45,96,453.35",4661
23-Jul-20,EQ,36,36.5,35.75,35.95,35.95,35.95,36.06,62.8,23.1,961283,"3,46,67,749.10",3850
22-Jul-20,EQ,35.8,37.4,35,36.1,36,35.95,35.95,62.8,23.1,1983416,"7,13,04,256.45",7561
21-Jul-20,EQ,36.5,36.75,36,36.15,36.1,36.1,36.29,62.8,23.1,1266663,"4,59,71,213.10",5126
20-Jul-20,EQ,36.8,36.85,36,36.2,36.2,36.15,36.26,62.8,23.1,1296550,"4,70,11,640.65",5343
17-Jul-20,EQ,36.7,37,36,36.1,36.3,36.2,36.46,62.8,23.1,1184102,"4,31,68,476.50",4922
16-Jul-20,EQ,36.3,36.75,34.9,35.5,36.4,36.1,35.92,62.8,23.1,1454002,"5,22,25,167.20",5932
15-Jul-20,EQ,35.8,37.95,34.9,34.9,35.8,35.5,36.57,62.8,23.1,2657219,"9,71,73,198.05",10193
14-Jul-20,EQ,36.1,36.25,34.5,36.8,35,34.9,35.02,62.8,23.1,1945205,"6,81,15,670.10",9815
13-Jul-20,EQ,39.2,39.45,36.15,39.1,36.9,36.8,37.27,62.8,23.1,2885882,"10,75,52,150.30",14256
10-Jul-20,EQ,40.4,40.5,38.75,40.85,39.15,39.1,39.37,62.8,23.1,3098552,"12,19,99,367.95",13378
09-Jul-20,EQ,40,42.5,40,39.25,41,40.85,40.96,62.8,23.1,8449636,"34,61,15,734.30",29455
08-Jul-20,EQ,38.4,43.15,36.5,36.95,39.6,39.25,40.74,62.8,23.1,27937203,"1,13,82,18,430.15",93703
07-Jul-20,EQ,31,36.95,30.55,30.8,36.95,36.95,35.37,62.8,23.1,15621745,"55,25,75,265.05",27225
06-Jul-20,EQ,30.3,30.95,30.25,30.3,30.75,30.8,30.67,62.8,23.1,1683149,"5,16,24,582.90",7409
03-Jul-20,EQ,30.45,30.75,30.2,30.2,30.2,30.3,30.4,62.8,23.1,1264574,"3,84,38,017.05",4975
02-Jul-20,EQ,30.3,30.7,29.85,30.05,30.25,30.2,30.25,62.8,23.1,1145253,"3,46,43,116.35",4512
01-Jul-20,EQ,29.95,30.3,29.55,29.85,30.1,30.05,29.99,62.8,23.1,1167143,"3,50,04,456.65",4019
30-Jun-20,EQ,29.9,30.25,29.5,29.7,29.95,29.85,29.83,62.8,23.1,868811,"2,59,16,535.00",3155
29-Jun-20,EQ,30.4,30.4,29.35,30.5,29.85,29.7,29.78,62.8,23.1,1045718,"3,11,45,591.10",4355
26-Jun-20,EQ,30.7,30.95,30,30.2,30.6,30.5,30.64,62.8,23.1,2184903,"6,69,51,484.05",6062
25-Jun-20,EQ,29.2,30.95,29.05,29.8,30.4,30.2,30.16,62.8,23.1,1471686,"4,43,80,545.25",4937
24-Jun-20,EQ,31,31.2,29.55,30.4,29.95,29.8,30.56,62.8,23.1,2543683,"7,77,24,523.05",7744
23-Jun-20,EQ,30.35,30.65,30.05,30.05,30.55,30.4,30.32,62.8,23.1,1452323,"4,40,35,294.95",4749
22-Jun-20,EQ,29.9,30.4,29.6,29.45,30.1,30.05,30.15,62.8,23.1,2393560,"7,21,60,395.70",7090
19-Jun-20,EQ,28.8,29.9,28.7,28.5,29.5,29.45,29.48,62.8,23.1,2257056,"6,65,45,221.20",6505
18-Jun-20,EQ,28.05,28.65,28,28.05,28.6,28.5,28.4,62.8,23.1,863024,"2,45,06,178.95",3011
17-Jun-20,EQ,28.35,28.4,27.5,28,28.15,28.05,28.06,62.8,23.1,841033,"2,35,95,352.90",3436
16-Jun-20,EQ,29.9,30.1,27.9,29.05,28.1,28,28.65,62.8,23.1,1876771,"5,37,73,032.50",6061
15-Jun-20,EQ,29.9,30.2,28.8,29.5,29,29.05,29.3,62.8,23.1,1384274,"4,05,54,670.65",4495
12-Jun-20,EQ,27.2,29.7,27,30.1,29.55,29.5,28.77,62.8,23.1,2343588,"6,74,24,556.05",8208
11-Jun-20,EQ,30.85,31.25,29.9,30.55,30.1,30.1,30.64,62.8,23.1,2849296,"8,73,01,451.05",8265
10-Jun-20,EQ,29.55,30.8,29.55,30.05,30.65,30.55,30.35,62.8,23.1,1994738,"6,05,37,121.25",6004
09-Jun-20,EQ,31.2,32.2,29.6,30.85,30.2,30.05,30.88,62.8,23.1,5273133,"16,28,37,482.95",24534
08-Jun-20,EQ,29,32.5,28.8,28.25,30.9,30.85,30.78,62.8,23.1,6515783,"20,05,81,821.55",19043
05-Jun-20,EQ,28.4,28.45,27.85,27.9,28.4,28.25,28.09,62.8,23.1,1950463,"5,47,95,512.75",5761
04-Jun-20,EQ,28.4,28.75,27.65,28.5,27.95,27.9,28.02,62.8,23.1,821757,"2,30,22,750.20",5810
03-Jun-20,EQ,28.45,29.25,28.2,28.15,28.35,28.5,28.89,62.8,23.1,2086668,"6,02,82,730.70",8669
02-Jun-20,EQ,27.95,28.35,27.25,27.5,28.25,28.15,27.96,62.8,23.1,1422099,"3,97,62,250.70",5683
01-Jun-20,EQ,27.5,27.9,27.1,26.85,27.4,27.5,27.6,62.8,23.1,1170551,"3,23,05,960.60",6753
29-May-20,EQ,27.1,27.1,26.3,27.1,26.85,26.85,26.81,62.8,23.1,761554,"2,04,17,626.70",4396
28-May-20,EQ,26.95,28,26.75,26.45,27.1,27.1,27.34,62.8,23.1,1551029,"4,24,08,206.30",9438
27-May-20,EQ,26.35,26.55,26.1,26.25,26.5,26.45,26.32,62.8,23.1,710391,"1,86,99,928.30",6738
26-May-20,EQ,26.95,26.95,26.05,26.65,26.3,26.25,26.3,62.8,23.1,733913,"1,93,01,933.60",4733
22-May-20,EQ,27.05,27.4,26.3,26.9,26.6,26.65,26.82,62.8,23.1,1222418,"3,27,80,769.75",7772
21-May-20,EQ,27.55,27.8,26.8,27.55,26.9,26.9,27.24,62.8,23.1,693349,"1,88,86,360.75",4649
20-May-20,EQ,28,28.25,27.15,26.55,27.45,27.55,27.57,62.8,23.1,2286542,"6,30,46,135.15",9955
19-May-20,EQ,26.3,27,26.2,26.15,26.75,26.55,26.59,62.8,23.1,668800,"1,77,86,196.55",4035
18-May-20,EQ,27.3,27.5,25.6,27.3,26.35,26.15,26.2,62.8,23.1,919500,"2,40,87,054.70",7921
15-May-20,EQ,28.3,28.3,26.1,27.7,27.4,27.3,27.34,62.8,23.1,529495,"1,44,73,774.15",2939
14-May-20,EQ,28.5,28.6,27.45,27.95,27.75,27.7,27.9,62.8,23.1,1198916,"3,34,50,530.10",5349
13-May-20,EQ,28.9,28.9,27.25,26.35,28.2,27.95,27.81,62.8,23.1,1716712,"4,77,35,010.10",7288
12-May-20,EQ,26.5,26.55,25.9,26.55,26.55,26.35,26.16,62.8,23.1,664800,"1,73,91,795.95",5071
11-May-20,EQ,26.95,26.95,26.3,26.65,26.5,26.55,26.61,62.8,23.1,633304,"1,68,54,168.85",4334
08-May-20,EQ,27,27.8,26.5,26.8,26.65,26.65,26.96,62.8,23.1,611333,"1,64,79,933.55",3936
07-May-20,EQ,26.9,27.4,26.4,26.9,26.85,26.8,26.88,62.8,23.1,613304,"1,64,88,610.65",3873
06-May-20,EQ,26.6,27.05,26,26.5,26.95,26.9,26.57,62.8,23.1,1018168,"2,70,52,127.90",8280
05-May-20,EQ,27.75,28.15,26.35,27.45,26.55,26.5,26.93,62.8,23.1,1964439,"5,28,98,608.45",12480
04-May-20,EQ,28.05,28.45,27.15,29.35,27.8,27.45,27.85,62.8,23.1,1922371,"5,35,36,961.65",12506
30-Apr-20,EQ,29.5,29.8,29.05,29.05,29.15,29.35,29.56,62.8,23.1,1381537,"4,08,39,938.45",6673
29-Apr-20,EQ,29.2,30,28.8,28.9,29.05,29.05,29.22,62.8,23.1,1894489,"5,53,53,566.85",9754
28-Apr-20,EQ,28.7,29,28,28.1,29,28.9,28.61,62.8,23.1,1122272,"3,21,09,020.75",5223
27-Apr-20,EQ,29,29.7,28,29,28.2,28.1,28.49,62.8,23.1,2132718,"6,07,62,018.85",13488
24-Apr-20,EQ,30.2,30.2,28.85,30.5,29,29,29.13,62.8,23.1,1538374,"4,48,13,972.35",9057
23-Apr-20,EQ,30.65,30.9,30,29.95,30.45,30.5,30.46,62.8,23.1,1620669,"4,93,60,951.50",15219
22-Apr-20,EQ,30,30.8,29.25,30.9,30,29.95,29.82,62.8,23.1,1501763,"4,47,88,434.55",7535
21-Apr-20,EQ,32.7,32.7,30.2,33.55,30.6,30.9,31.05,62.8,23.1,1580445,"4,90,65,130.70",9981
20-Apr-20,EQ,33.5,34,31,30.95,33.75,33.55,33.28,62.8,23.1,3970218,"13,21,28,055.35",15705
17-Apr-20,EQ,29.95,31.45,29.2,28.6,31.45,30.95,30.47,62.8,23.1,2719054,"8,28,45,047.05",12560
16-Apr-20,EQ,27.95,28.85,27.5,28.05,28.6,28.6,28.46,62.8,23.1,891463,"2,53,68,690.85",9086
15-Apr-20,EQ,28,28.95,27.9,28.55,28.1,28.05,28.46,62.8,23.1,1122894,"3,19,53,968.95",7053
13-Apr-20,EQ,29.5,29.7,28,28.9,28.55,28.55,28.52,62.8,23.1,1084087,"3,09,17,136.50",6114
09-Apr-20,EQ,28.8,29.35,28.3,28.4,28.85,28.9,28.84,62.8,23.1,1370611,"3,95,30,201.10",6801
08-Apr-20,EQ,28.15,29.45,27.05,28.4,28.45,28.4,28.54,62.8,23.1,953535,"2,72,15,206.00",6372
07-Apr-20,EQ,29,29.1,27.6,27.6,28.3,28.4,28.26,62.8,23.1,963978,"2,72,40,453.55",8337
03-Apr-20,EQ,27.6,28.85,25.1,27.45,28.55,27.6,26.66,62.8,23.1,2753531,"7,34,21,251.40",17414
01-Apr-20,EQ,27.3,28.3,26.5,27.3,27.5,27.45,27.5,62.8,23.1,795708,"2,18,80,204.50",5431
