Date,Open Price,High Price,Low Price,Close Price,WAP,No.of Shares,No. of Trades,Total Turnover (Rs.),Deliverable Quantity,% Deli. Qty to Traded Qty,Spread High-Low,Spread Close-Open
30-March-2026,51.53,51.92,50.20,50.53,50.904757188624183698,1625624,7244,82751995.00,809753,49.81,1.72,-1.00
27-March-2026,53.88,53.88,52.36,52.93,52.815257718160106073,478158,1885,25254038.00,223474,46.74,1.52,-0.95
25-March-2026,51.91,54.75,51.91,54.47,54.051993774846027211,1222781,5700,66093751.00,674554,55.17,2.84,2.56
24-March-2026,52.61,53.16,51.10,51.39,51.958456320590075405,759225,3033,39448159.00,311273,41.00,2.06,-1.22
23-March-2026,52.87,52.87,50.25,50.99,51.070820704333952790,844287,3087,43118430.00,450180,53.32,2.62,-1.88
20-March-2026,54.70,54.71,52.86,53.21,53.603412571554554688,381003,2245,20423061.00,143375,37.63,1.85,-1.49
19-March-2026,54.49,54.79,52.25,52.48,53.631101180085189581,458272,2924,24577632.00,223579,48.79,2.54,-2.01
18-March-2026,51.51,55.95,51.26,55.59,55.180099037478271830,5561329,4508,306874685.00,5239157,94.21,4.69,4.08
17-March-2026,51.01,51.96,49.95,51.37,50.941148288291226982,490504,2462,24986837.00,241795,49.30,2.01,0.36
16-March-2026,50.35,51.38,49.38,50.53,50.304855407497312837,388886,1779,19562854.00,157393,40.47,2.00,0.18
13-March-2026,52.31,52.76,50.45,50.66,51.299526651264646343,664415,3088,34084175.00,379336,57.09,2.31,-1.65
12-March-2026,53.16,53.94,51.95,53.12,52.712217443610487402,821252,4292,43290014.00,304221,37.04,1.99,-0.04
11-March-2026,56.04,56.90,53.63,53.94,55.208393476050500488,360947,2218,19927304.00,176208,48.82,3.27,-2.10
10-March-2026,54.77,56.37,52.86,56.04,54.647412240841876385,941896,5660,51472179.00,458256,48.65,3.51,1.27
9-March-2026,54.78,54.78,52.79,53.55,53.463418986720066454,633211,3686,33853625.00,215926,34.10,1.99,-1.23
6-March-2026,55.63,57.58,55.57,55.85,56.584689627013808351,460446,3448,26054194.00,207091,44.98,2.01,0.22
5-March-2026,54.06,56.10,54.06,55.77,55.241826498002005403,809812,5256,44735494.00,371280,45.85,2.04,1.71
4-March-2026,57.00,57.00,54.00,54.27,55.212970136664882282,2038051,9400,112526849.00,1145350,56.20,3.00,-2.73
2-March-2026,51.01,57.65,51.01,57.28,56.623480478410987081,2286904,11571,129492464.00,1198202,52.39,6.64,6.27
27-February-2026,61.31,61.54,57.40,58.09,58.943882844219748441,1192327,4497,70280383.00,439863,36.89,4.14,-3.22
26-February-2026,61.32,63.05,60.85,61.55,62.051908426243979198,1042220,3275,64671740.00,610261,58.55,2.20,0.23
25-February-2026,62.01,62.07,60.28,61.27,60.998939689541097633,306514,1911,18697029.00,75612,24.67,1.79,-0.74
24-February-2026,61.70,61.89,59.86,60.66,60.715257808143097461,435731,1800,26455520.00,178007,40.85,2.03,-1.04
23-February-2026,63.01,63.02,61.25,61.69,61.990619285953944168,503693,2285,31224241.00,204578,40.62,1.77,-1.32
20-February-2026,62.11,63.20,61.97,62.49,62.691798172310097848,324891,1583,20368001.00,163971,50.47,1.23,0.38
19-February-2026,63.05,64.15,61.93,62.10,63.083111509083262105,737070,3496,46496669.00,443184,60.13,2.22,-0.95
18-February-2026,62.62,63.80,62.49,63.17,63.280206546313864052,176038,897,11139721.00,78433,44.55,1.31,0.55
17-February-2026,61.67,63.19,61.40,62.56,62.639693807237311891,639989,3163,40088715.00,371956,58.12,1.79,0.89
16-February-2026,60.95,62.10,60.38,61.79,61.272619527069788849,521430,2259,31949382.00,275252,52.79,1.72,0.84
13-February-2026,61.45,62.44,60.83,61.24,61.803037331384799796,487204,3063,30110687.00,258505,53.06,1.61,-0.21
12-February-2026,62.50,63.24,61.51,62.66,62.438528613799180269,775133,4044,48398164.00,362736,46.80,1.73,0.16
11-February-2026,63.90,63.90,62.20,62.72,62.891306976181840164,438363,2603,27569222.00,202863,46.28,1.70,-1.18
10-February-2026,64.88,65.17,63.70,63.89,64.499224242424242424,1113750,5117,71836011.00,589596,52.94,1.47,-0.99
9-February-2026,63.64,65.10,63.19,64.91,64.244295931173170842,992055,4951,63733875.00,642838,64.80,1.91,1.27
6-February-2026,63.10,63.53,61.87,63.06,62.563954456235167498,774903,3142,48480996.00,375789,48.49,1.66,-0.04
5-February-2026,65.35,65.36,62.85,63.08,64.077535378385818677,1147876,4304,73553065.00,722563,62.95,2.51,-2.27
4-February-2026,64.00,66.25,63.50,65.30,65.556497171785801675,1683748,7842,110380621.00,936453,55.62,2.75,1.30
3-February-2026,64.48,65.50,62.70,63.90,63.655498850044602491,988734,4343,62938356.00,432594,43.75,2.80,-0.58
2-February-2026,61.21,62.42,58.93,61.69,60.469630629653064416,2128839,8654,128730108.00,991949,46.60,3.49,0.48
1-February-2026,65.54,65.89,57.00,62.42,62.404013938456688883,1281634,4778,79979106.00,461100,35.98,8.89,-3.12
30-January-2026,61.75,65.69,61.74,65.33,64.091008387677153526,2319951,5261,148687999.00,1510433,65.11,3.95,3.58
29-January-2026,63.03,63.67,61.09,62.35,62.492565874672351106,898828,2985,56170068.00,244952,27.25,2.58,-0.68
28-January-2026,62.16,63.61,61.58,63.07,62.639061130947385077,1870591,5559,117172064.00,747332,39.95,2.03,0.91
27-January-2026,63.60,64.56,61.66,62.08,62.551479472616848795,3005936,11190,188025744.00,1115141,37.10,2.90,-1.52
23-January-2026,62.36,68.00,61.22,63.08,65.279078148211356464,12967117,38596,846481444.00,4376188,33.75,6.78,0.72
22-January-2026,58.01,62.55,58.01,62.02,61.318295251863570842,4267211,7864,261658104.00,2043573,47.89,4.54,4.01
21-January-2026,57.05,58.97,56.59,57.76,57.732651238616597885,1347027,6700,77767440.00,637628,47.34,2.38,0.71
20-January-2026,60.01,60.39,57.50,57.94,58.981953710214938698,817675,3168,48228069.00,236561,28.93,2.89,-2.07
19-January-2026,60.30,61.74,59.68,60.23,60.795608915359835746,903968,4366,54957285.00,295487,32.69,2.06,-0.07
16-January-2026,58.16,60.75,58.16,60.31,60.063895525763638684,2232895,7538,134116372.00,1276776,57.18,2.59,2.15
14-January-2026,57.31,59.38,57.08,59.00,58.751332843368062178,749713,3331,44046638.00,496486,66.22,2.30,1.69
13-January-2026,58.30,58.74,56.13,57.70,57.317015930730444827,410339,1926,23519407.00,159855,38.96,2.61,-0.60
12-January-2026,59.50,59.95,57.17,58.26,58.407569458136524564,1749795,10902,102201273.00,966452,55.23,2.78,-1.24
9-January-2026,57.57,60.03,57.57,59.35,59.698121386121218622,6591083,10945,393475273.00,4977299,75.52,2.46,1.78
8-January-2026,57.13,60.20,57.13,58.04,58.972403659599441162,2283310,9488,134652279.00,1195612,52.36,3.07,0.91
7-January-2026,58.27,58.92,57.09,58.00,57.941616354019626184,1763970,5507,102207273.00,1440172,81.64,1.83,-0.27
6-January-2026,58.44,59.20,57.93,58.22,58.831527910333424487,2208716,4034,129942137.00,1675530,75.86,1.27,-0.22
5-January-2026,56.66,58.70,56.66,58.43,57.925814755736250227,3758335,14865,217704617.00,2241754,59.65,2.04,1.77
2-January-2026,52.61,56.11,52.61,55.72,55.218923553270633831,981507,6870,54197760.00,557528,56.80,3.50,3.11
1-January-2026,53.00,53.49,52.37,53.36,53.009842687679572156,140612,904,7453820.00,67743,48.18,1.12,0.36
31-December-2025,51.84,53.10,51.84,52.96,52.790870019525809532,735949,2277,38851388.00,593576,80.65,1.26,1.12
30-December-2025,51.55,52.22,51.55,51.97,51.885395717496746717,169060,1236,8771745.00,96549,57.11,0.67,0.42
29-December-2025,52.74,53.33,51.60,51.75,52.039885756528993585,673649,2176,35056617.00,496489,73.70,1.73,-0.99
26-December-2025,52.45,53.33,52.28,53.02,52.810417085242273919,353381,1488,18662198.00,184043,52.08,1.05,0.57
24-December-2025,53.21,53.51,52.39,52.99,52.948322799496672392,209009,1259,11066676.00,109255,52.27,1.12,-0.22
23-December-2025,54.06,54.32,52.75,53.19,53.417490526657859053,516977,3065,27615614.00,235029,45.46,1.57,-0.87
22-December-2025,53.70,55.09,53.70,54.23,54.332223766730668203,215099,1357,11686807.00,122855,57.12,1.39,0.53
19-December-2025,53.17,54.40,53.12,54.04,54.073592867140117153,482275,2212,26078342.00,323211,67.02,1.28,0.87
18-December-2025,53.51,54.02,53.10,53.38,53.560002010012374138,159203,793,8526913.00,90281,56.71,0.92,-0.13
17-December-2025,53.93,54.49,53.70,54.31,54.189245100866359909,159518,938,8644160.00,77628,48.66,0.79,0.38
16-December-2025,53.21,54.27,53.21,53.89,53.791473503884906104,246338,923,13250884.00,128049,51.98,1.06,0.68
15-December-2025,52.01,54.53,52.01,54.15,53.567232593935873038,736726,3489,39464373.00,491247,66.68,2.52,2.14
12-December-2025,53.08,53.53,52.70,53.06,53.193236051502145922,174750,700,9295518.00,84195,48.18,0.83,-0.02
11-December-2025,53.99,53.99,52.11,52.95,52.887701519522770520,358402,2054,18955058.00,225112,62.81,1.88,-1.04
10-December-2025,52.40,53.38,52.40,53.21,52.901548840224054588,310103,1094,16404929.00,125095,40.34,0.98,0.81
9-December-2025,51.23,53.00,50.03,52.42,51.482809245229847601,1032619,4776,53162127.00,493477,47.79,2.97,1.19
8-December-2025,53.04,53.75,51.16,51.98,52.324666668147894693,450077,2387,23550129.00,262242,58.27,2.59,-1.06
5-December-2025,54.04,54.07,52.81,53.38,53.240369923602734217,708795,2954,37736508.00,411730,58.09,1.26,-0.66
4-December-2025,53.62,54.47,53.21,54.02,53.757166393536005047,456436,2620,24536706.00,282910,61.98,1.26,0.40
3-December-2025,54.86,55.16,53.28,53.83,54.017190989474882072,913909,4241,49366797.00,641059,70.14,1.88,-1.03
2-December-2025,55.33,55.52,54.70,54.96,55.108624283761432010,278713,1273,15359490.00,136122,48.84,0.82,-0.37
1-December-2025,54.58,56.30,54.58,55.66,55.585234060570383440,1270654,5737,70629600.00,854528,67.25,1.72,1.08
28-November-2025,54.13,55.00,54.13,54.46,54.609426999134538447,612390,3208,33442267.00,310147,50.65,0.87,0.33
27-November-2025,55.72,56.09,54.30,54.63,55.113133809440412020,1233336,4530,67973012.00,559558,45.37,1.79,-1.09
26-November-2025,53.84,56.15,53.34,55.94,55.262563194944936293,1504076,5311,83119095.00,780354,51.88,2.81,2.10
25-November-2025,53.85,53.99,53.20,53.84,53.594843486145964964,616463,2702,33039238.00,344025,55.81,0.79,-0.01
24-November-2025,53.85,54.94,53.34,53.84,54.045488409519598949,653683,2775,35328617.00,286665,43.85,1.60,-0.01
21-November-2025,53.81,54.39,53.15,54.13,53.872209509013548314,1143168,3790,61584986.00,904236,79.10,1.24,0.32
20-November-2025,54.00,54.83,53.80,54.03,54.317617526936682979,592779,1886,32198343.00,418733,70.64,1.03,0.03
19-November-2025,52.71,54.32,52.06,54.06,53.410409390000024883,1205623,4405,64392818.00,772488,64.07,2.26,1.35
18-November-2025,54.01,54.10,52.88,52.98,53.296638270036166229,398991,1264,21264879.00,216839,54.35,1.22,-1.03
17-November-2025,52.26,55.22,52.00,53.77,54.064020319775961444,2395302,8162,129499656.00,1499811,62.61,3.22,1.51
14-November-2025,52.09,52.22,51.49,51.83,51.912978318412991107,3362300,1354,174547007.00,3160062,93.99,0.73,-0.26
13-November-2025,50.92,52.50,50.66,51.88,51.764802142793736805,518202,1856,26824624.00,280339,54.10,1.84,0.96
12-November-2025,50.50,51.32,50.50,50.99,50.847182557491194429,588264,2939,29911567.00,375772,63.88,0.82,0.49
11-November-2025,51.19,51.85,50.66,51.05,51.067509016906216452,258958,1156,13224340.00,137003,52.91,1.19,-0.14
10-November-2025,52.33,52.81,51.47,51.69,51.994272764386825858,600115,1727,31202543.00,351965,58.65,1.34,-0.64
7-November-2025,50.72,52.60,50.23,52.34,51.271535770420321452,591690,1997,30336855.00,286572,48.43,2.37,1.62
6-November-2025,51.13,52.16,50.80,51.18,51.291773715960725594,1041187,4243,53404328.00,635507,61.04,1.36,0.05
4-November-2025,52.75,52.75,51.83,51.97,52.224833270657938158,260602,944,13609896.00,97693,37.49,0.92,-0.78
3-November-2025,51.86,53.25,51.51,52.64,52.442838223357241523,1053335,4526,55239877.00,495775,47.07,1.74,0.78
31-October-2025,52.48,52.87,51.72,51.84,52.186929793542420368,367630,1264,19185481.00,168065,45.72,1.15,-0.64
30-October-2025,52.36,53.45,52.36,52.71,52.862227855182799569,922349,3382,48757423.00,449151,48.70,1.09,0.35
29-October-2025,53.53,54.10,52.12,52.23,53.002925203016407169,14512497,6174,769204793.00,11746695,80.94,1.98,-1.30
28-October-2025,53.84,54.56,52.96,53.57,53.797441228365025789,1862378,8065,100191171.00,1034788,55.56,1.60,-0.27
27-October-2025,52.41,54.35,51.84,54.01,53.415588477865707500,1812685,6574,96825636.00,770124,42.49,2.51,1.60
24-October-2025,52.02,52.41,51.69,51.98,52.023998143186198467,1701840,5172,88536521.00,1139984,66.99,0.72,-0.04
23-October-2025,50.09,52.30,49.76,51.90,51.607394557431010576,3452377,16683,178168182.00,2226182,64.48,2.54,1.81
21-October-2025,51.35,52.30,49.70,50.47,51.146939855039841534,888520,2875,45445079.00,464322,52.26,2.60,-0.88
20-October-2025,48.56,51.50,48.56,51.23,50.600964667212626444,6267861,20383,317159813.00,4163277,66.42,2.94,2.67
17-October-2025,48.99,49.17,48.09,48.75,48.729211568874291928,1178023,9771,57404132.00,735827,62.46,1.08,-0.24
16-October-2025,48.82,49.19,48.54,48.98,48.893711697980109717,317542,1002,15525807.00,212583,66.95,0.65,0.16
15-October-2025,47.43,48.87,47.43,48.52,48.245787944698014112,331489,3312,15992948.00,200734,60.56,1.44,1.09
14-October-2025,48.62,49.00,47.33,47.52,48.157191857990536040,399410,1149,19234464.00,201505,50.45,1.67,-1.10
13-October-2025,48.31,49.00,48.03,48.68,48.568659161852568539,849588,3230,41263350.00,604610,71.16,0.97,0.37
10-October-2025,48.19,49.40,47.94,48.82,48.589450569758372445,367963,1092,17879120.00,186295,50.63,1.46,0.63
9-October-2025,47.71,49.37,47.70,48.10,48.430045796532548249,1100520,3567,53298234.00,577465,52.47,1.67,0.39
8-October-2025,48.10,48.40,47.53,47.71,47.870631883037848459,613737,2396,29379978.00,401631,65.44,0.87,-0.39
7-October-2025,49.39,49.39,48.12,48.42,48.566171723692704970,266428,6440,12939388.00,123764,46.45,1.27,-0.97
6-October-2025,48.36,49.85,48.10,48.88,49.061978589584826956,981952,3299,48176508.00,492397,50.14,1.75,0.52
3-October-2025,48.07,48.60,47.85,48.30,48.161482258472890367,1050586,4042,50597779.00,730513,69.53,0.75,0.23
1-October-2025,46.71,48.40,46.03,48.23,47.586481727499943707,1110275,3255,52834081.00,631195,56.85,2.37,1.52
